titulo,empresa,data,link
Vendedor(a),Vaga Confidencial,"13/11/2024
                ",
Auxiliar de E-commerce (loja Online),Dispropil,"13/11/2024
                ",
"Vaga Atendente , Salário + Vá: $ 2.320,00",Gior Gelato Artesanal,"14/11/2024
                ",
Fisioterapeuta Ortopedia,Laser&co,"18/11/2024
                ",https://empregos.maringa.com/vaga-emprego/403761/fisioterapeuta-ortopedia/maringa/pr
Caixa Para Restaurante Temático,Burguer Steak,"18/11/2024
                ",https://empregos.maringa.com/vaga-emprego/404227/caixa-para-restaurante-tematico/maringa/pr
Assistente Administrativo,Talentbank Agência de Talentos,"18/11/2024
                ",https://empregos.maringa.com/vaga-emprego/404220/assistente-administrativo/maringa/pr
Empregada Doméstica Mensalista,Lm Serviços,"18/11/2024
                ",https://empregos.maringa.com/vaga-emprego/404186/empregada-domestica-mensalista/maringa/pr
Fiscal de Loja - Shopping,Lojas Renner,"18/11/2024
                ",https://empregos.maringa.com/vaga-emprego/338381/fiscal-de-loja-shopping/maringa/pr
Estágio de Marketing / Publicidade e Prog. / Design Gráfico - Av. Brasil,Enjoy Consultoria,"18/11/2024
                ",https://empregos.maringa.com/vaga-emprego/404219/estagio-de-marketing-publicidade-e-prog-design-grafico-av-brasil/maringa/pr
Expedição / Logística,Ingraph Digital,"18/11/2024
                ",https://empregos.maringa.com/vaga-emprego/404213/expedicao-logistica/maringa/pr
Instrutor de Treinamento Operacional,Somave,"18/11/2024
                ",https://empregos.maringa.com/vaga-emprego/404206/instrutor-de-treinamento-operacional/cidade-gaucha/pr
Operador de Empilhadeira,Vaga Confidencial,"18/11/2024
                ",https://empregos.maringa.com/vaga-emprego/404218/operador-de-empilhadeira/maringa/pr
Contrata-se Vendedor(a) Com Experiência.,Maringá Plásticos,"18/11/2024
                ",https://empregos.maringa.com/vaga-emprego/404181/contrata-se-vendedora-com-experiencia/maringa/pr
Vaga Para Banhista e Finalista,Toca do Bicho,"18/11/2024
                ",https://empregos.maringa.com/vaga-emprego/404173/vaga-para-banhista-e-finalista/maringa/pr
Motorista Toco,Refrigerantes Ouro Verde ,"18/11/2024
                ",https://empregos.maringa.com/vaga-emprego/404172/motorista-toco/maringa/pr
Auxiliar de Padeiro,Lastro Panificação,"11/11/2024
                ",
Motorista Truck,Real Telhas,"13/11/2024
                ",
Auxiliar de Cozinha - Shopping,Almaza,"12/11/2024
                ",
Estágio Administrativo / Financeiro / Contábil - Conj. Requião,Enjoy Consultoria,"18/11/2024
                ",https://empregos.maringa.com/vaga-emprego/404217/estagio-administrativo-financeiro-contabil-conj-requiao/maringa/pr
Estágio Administrativo / Financeiro / Contábil - Av. Paranavaí,Enjoy Consultoria,"18/11/2024
                ",https://empregos.maringa.com/vaga-emprego/404216/estagio-administrativo-financeiro-contabil-av-paranavai/maringa/pr
Estágio de Contabilidade / Economia / Financeiro - Zona 5,Enjoy Consultoria,"18/11/2024
                ",https://empregos.maringa.com/vaga-emprego/404215/estagio-de-contabilidade-economia-financeiro-zona-5/maringa/pr
Analista de Design Gráfico,Unicv,"18/11/2024
                ",https://empregos.maringa.com/vaga-emprego/404214/analista-de-design-grafico/maringa/pr
Analista de Tráfego Digital,Unicv,"18/11/2024
                ",https://empregos.maringa.com/vaga-emprego/404211/analista-de-trafego-digital/maringa/pr
Estágio de Contabilidade / Adm / Financeiro - Zona 1,Enjoy Consultoria,"18/11/2024
                ",https://empregos.maringa.com/vaga-emprego/404210/estagio-de-contabilidade-adm-financeiro-zona-1/maringa/pr
Auxiliar de Certificação,Unicv,"18/11/2024
                ",https://empregos.maringa.com/vaga-emprego/404209/auxiliar-de-certificacao/maringa/pr
Auxiliar de Supervisão Operacional,Unicv,"18/11/2024
                ",https://empregos.maringa.com/vaga-emprego/404208/auxiliar-de-supervisao-operacional/maringa/pr
Estagio Comercial em Vendas - Zona 1,Enjoy Consultoria,"18/11/2024
                ",https://empregos.maringa.com/vaga-emprego/404207/estagio-comercial-em-vendas-zona-1/maringa/pr
Assistente de Relacionamento,Unimed Maringá,"18/11/2024
                ",https://empregos.maringa.com/vaga-emprego/404205/assistente-de-relacionamento/maringa/pr
Estágio em E-commerce / Marketing / Publicidade e Prop. - Sarandi,Enjoy Consultoria,"18/11/2024
                ",https://empregos.maringa.com/vaga-emprego/404204/estagio-em-e-commerce-marketing-publicidade-e-prop-sarandi/sarandi/pr
Analista de Marketing,Construtora LBX,"18/11/2024
                ",https://empregos.maringa.com/vaga-emprego/404203/analista-de-marketing/maringa/pr
Auxiliar de Cozinha,Restaurante Ana Vitória,"18/11/2024
                ",
Atendente - Balconista,Marco's Padaria Gourmet,"14/11/2024
                ",
Auxiliar de Limpeza,Marco's Boutique de Pão,"13/11/2024
                ",
Cozinheiro (a),Vaga Confidencial,"18/11/2024
                ",https://empregos.maringa.com/vaga-emprego/404202/cozinheiro-a/maringa/pr
Estágio Administrativo / Secretariado em Laboratório - Sarandi,Enjoy Consultoria,"18/11/2024
                ",https://empregos.maringa.com/vaga-emprego/404201/estagio-administrativo-secretariado-em-laboratorio-sarandi/sarandi/pr
Auxiliar de Força de Vendas,Unicv,"18/11/2024
                ",https://empregos.maringa.com/vaga-emprego/404200/auxiliar-de-forca-de-vendas/maringa/pr
Zelador(a),Unicv,"18/11/2024
                ",https://empregos.maringa.com/vaga-emprego/404199/zeladora/maringa/pr
Estágio de Marketing / Publicidade e Propa. / Design Grafico - Zona 1,Enjoy Consultoria,"18/11/2024
                ",https://empregos.maringa.com/vaga-emprego/404198/estagio-de-marketing-publicidade-e-propa-design-grafico-zona-1/maringa/pr
Motorista de Entrega - Bebidas,Distribuidora Virginia,"18/11/2024
                ",https://empregos.maringa.com/vaga-emprego/404197/motorista-de-entrega-bebidas/maringa/pr
Analista de Redação e Revisão Textual,Unicv,"18/11/2024
                ",https://empregos.maringa.com/vaga-emprego/404196/analista-de-redacao-e-revisao-textual/maringa/pr
Auxiliar Administrativo,SM Alumínios,"18/11/2024
                ",https://empregos.maringa.com/vaga-emprego/294537/auxiliar-administrativo/sarandi/pr
Auxiliar Mecânico de Suspensão,Vaga Confidencial,"18/11/2024
                ",https://empregos.maringa.com/vaga-emprego/404169/auxiliar-mecanico-de-suspensao/maringa/pr
Auxiliar Administrativo,Vaga Confidencial,"18/11/2024
                ",https://empregos.maringa.com/vaga-emprego/404167/auxiliar-administrativo/maringa/pr
Vendedor(a) de Calçados,Calçados Franca,"18/11/2024
                ",https://empregos.maringa.com/vaga-emprego/281479/vendedora-de-calcados/maringa/pr
Vaga de Barman Para Bar Petiscaria,Humaitô Bar,"18/11/2024
                ",https://empregos.maringa.com/vaga-emprego/404212/vaga-de-barman-para-bar-petiscaria/maringa/pr
Mecânico Empilhadeira / Automotivo Leve Ou Pesado.,Jjs Empilhadeiras,"13/11/2024
                ",
Vaga Para Operador(a) de Caixa,V. Guimaraes Martins,"11/11/2024
                ",
Loja Uza Catuaí Maringá,Vallentina Pires Semijoias,"15/11/2024
                ",
Operador de Máquinas (parque Industrial),People2u,"18/11/2024
                ",https://empregos.maringa.com/vaga-emprego/404191/operador-de-maquinas-parque-industrial/maringa/pr
Vendedor(a) de Software,Talentbank Agência de Talentos,"18/11/2024
                ",https://empregos.maringa.com/vaga-emprego/404193/vendedora-de-software/maringa/pr
Assistente de Produção de Conteúdo - Rádio,Unicv,"18/11/2024
                ",https://empregos.maringa.com/vaga-emprego/404195/assistente-de-producao-de-conteudo-radio/maringa/pr
Estágio de Engenharia Civil - Zona 1,Enjoy Consultoria,"18/11/2024
                ",https://empregos.maringa.com/vaga-emprego/404194/estagio-de-engenharia-civil-zona-1/maringa/pr
Estágio Administrativo/ Gestão Financeira / Contabilidade - Av. Kakogawa,Enjoy Consultoria,"18/11/2024
                ",https://empregos.maringa.com/vaga-emprego/404192/estagio-administrativo-gestao-financeira-contabilidade-av-kakogawa/maringa/pr
Supervisor de Produção - Programa Empregar,Vaga Confidencial,"18/11/2024
                ",https://empregos.maringa.com/vaga-emprego/404174/supervisor-de-producao-programa-empregar/maringa/pr
Cozinheiro Restaurante e Choperia,Talentbank Agência de Talentos,"18/11/2024
                ",https://empregos.maringa.com/vaga-emprego/404188/cozinheiro-restaurante-e-choperia/umuarama/pr
Customer Success,Talentbank Agência de Talentos,"18/11/2024
                ",https://empregos.maringa.com/vaga-emprego/404183/customer-success/maringa/pr
Assistente de Projetos Pl,Construtora LBX,"18/11/2024
                ",https://empregos.maringa.com/vaga-emprego/404190/assistente-de-projetos-pl/maringa/pr
Zeladoria (tarde/noite),Vaga Confidencial,"18/11/2024
                ",https://empregos.maringa.com/vaga-emprego/404189/zeladoria-tardenoite/maringa/pr
Estágio de Marketing / Design / Publicidade e Propaganda - Pq. Industrial,Enjoy Consultoria,"18/11/2024
                ",https://empregos.maringa.com/vaga-emprego/404187/estagio-de-marketing-design-publicidade-e-propaganda-pq-industrial/maringa/pr
Call Center,ACIM,"18/11/2024
                ",https://empregos.maringa.com/vaga-emprego/404185/call-center/maringa/pr
Estágio Administrativo em Comércio Exterior - Zona 7,Enjoy Consultoria,"18/11/2024
                ",https://empregos.maringa.com/vaga-emprego/404184/estagio-administrativo-em-comercio-exterior-zona-7/maringa/pr
Estágio de Ciências Contábeis / Financeiro / Adm - Av. Pedro Taques,Enjoy Consultoria,"18/11/2024
                ",https://empregos.maringa.com/vaga-emprego/404182/estagio-de-ciencias-contabeis-financeiro-adm-av-pedro-taques/maringa/pr
Estágio de Estoque e Expedição - Av. Torres,Enjoy Consultoria,"18/11/2024
                ",https://empregos.maringa.com/vaga-emprego/404180/estagio-de-estoque-e-expedicao-av-torres/maringa/pr
Auxiliar de Cozinha,Marco's Boutique de Pão,"13/11/2024
                ",
Social Mídia (salário de R$2.200 A R$2.700) Vem Ser A Cara da Nossa Marca!,Vaga Confidencial,"18/11/2024
                ",
"Mecânica de Automóvel, Linha Leve",Auto Mecânica Bachega,"18/11/2024
                ",
Estágio de Engenharia de Produção / Farmácia - Próximo A Coca-cola,Enjoy Consultoria,"18/11/2024
                ",https://empregos.maringa.com/vaga-emprego/404179/estagio-de-engenharia-de-producao-farmacia-proximo-a-coca-cola/maringa/pr
Estágio de Contabil / Adm / Economia - Av. Tiradentes,Enjoy Consultoria,"18/11/2024
                ",https://empregos.maringa.com/vaga-emprego/404178/estagio-de-contabil-adm-economia-av-tiradentes/maringa/pr
Ajudante de Armazém - Tarde/noite - Seg À Sab.,Distribuidora Virginia,"18/11/2024
                ",https://empregos.maringa.com/vaga-emprego/404177/ajudante-de-armazem-tardenoite-seg-A-sab/maringa/pr
Doméstica,Vaga Confidencial,"18/11/2024
                ",https://empregos.maringa.com/vaga-emprego/404176/domestica/maringa/pr
Ajudante de Armazém - Madrugada - Domingo A Sexta- Feira.,Distribuidora Virginia,"18/11/2024
                ",https://empregos.maringa.com/vaga-emprego/404175/ajudante-de-armazem-madrugada-domingo-a-sexta-feira/maringa/pr
Consultor de Vendas - Programa Empregar,Vaga Confidencial,"18/11/2024
                ",https://empregos.maringa.com/vaga-emprego/404170/consultor-de-vendas-programa-empregar/maringa/pr
Analista de Marketing / Foco em Mídias Sociais,Tperes Consultoria,"18/11/2024
                ",https://empregos.maringa.com/vaga-emprego/404168/analista-de-marketing-foco-em-midias-sociais/maringa/pr
Auxiliar de Pizzaiolo/cozinha,Vaga Confidencial,"18/11/2024
                ",https://empregos.maringa.com/vaga-emprego/392442/auxiliar-de-pizzaiolocozinha/maringa/pr
Instrutor de Cursos Livres Intermitente,Encontro Fraterno Lins de Vasconcellos,"18/11/2024
                ",https://empregos.maringa.com/vaga-emprego/404171/instrutor-de-cursos-livres-intermitente/maringa/pr
Designer Gráfico Web,Turbo Gestão de Pessoas,"18/11/2024
                ",https://empregos.maringa.com/vaga-emprego/404166/designer-grafico-web/maringa/pr
Controller - Clínica Médica,Job Soluções,"18/11/2024
                ",https://empregos.maringa.com/vaga-emprego/404165/controller-clinica-medica/maringa/pr
Auxiliar de Estoque/ Expedição - Centro de Maringá,Job Soluções,"18/11/2024
                ",https://empregos.maringa.com/vaga-emprego/404164/auxiliar-de-estoque-expedicao-centro-de-maringa/maringa/pr
Mecanico,Petenucci Auto Center,"13/11/2024
                ",
Garçom Restaurante Temático,Burguer Steak,"17/11/2024
                ",
Auxiliar de Produçao,Vaga Confidencial,"11/11/2024
                ",
Programador e Operador de Torno Cnc,Vs Metais,"18/11/2024
                ",https://empregos.maringa.com/vaga-emprego/404163/programador-e-operador-de-torno-cnc/marialva/pr
Analista de Desenvolvimento/projetista - Experiência Com Topsolid Ou Solidwork,Enjoy Consultoria,"18/11/2024
                ",https://empregos.maringa.com/vaga-emprego/404162/analista-de-desenvolvimentoprojetista-experiencia-com-topsolid-ou-solidwork/maringa/pr
Vendedor(a) Externo- Nova Esperança,Free Way,"18/11/2024
                ",https://empregos.maringa.com/vaga-emprego/404161/vendedora-externo-nova-esperanca/nova-esperanca/pr
Vendedor(a) de Loja - Região Central de Maringá,Job Soluções,"18/11/2024
                ",https://empregos.maringa.com/vaga-emprego/404160/vendedora-de-loja-regiao-central-de-maringa/maringa/pr
Vendedor(a) Atacado On-line - Moda,Tperes Consultoria,"18/11/2024
                ",https://empregos.maringa.com/vaga-emprego/404157/vendedora-atacado-on-line-moda/maringa/pr
Mecânico (a) - Concessionária,Enjoy Consultoria,"18/11/2024
                ",https://empregos.maringa.com/vaga-emprego/404159/mecanico-a-concessionaria/maringa/pr
Ferramenteiro,Turbo Gestão de Pessoas,"18/11/2024
                ",https://empregos.maringa.com/vaga-emprego/404158/ferramenteiro/paicandu/pr
Cabeleireira (o),Elegance Cabeleireiros,"18/11/2024
                ",https://empregos.maringa.com/vaga-emprego/390100/cabeleireira-o/maringa/pr
Auxiliar de Estoque - Parque Industrial,Job Soluções,"18/11/2024
                ",https://empregos.maringa.com/vaga-emprego/404156/auxiliar-de-estoque-parque-industrial/maringa/pr
Serralheiro Metalurgico,Lara Company Glass,"18/11/2024
                ",https://empregos.maringa.com/vaga-emprego/404155/serralheiro-metalurgico/maringa/pr
Operador de Empilhadeira,Vaga Confidencial,"18/11/2024
                ",https://empregos.maringa.com/vaga-emprego/376317/operador-de-empilhadeira/maringa/pr
Contrata-se Cuidador(a),Vaga Confidencial,"18/11/2024
                ",https://empregos.maringa.com/vaga-emprego/404153/contrata-se-cuidadora/maringa/pr
Recepção - Clínica Odontológica, Odontologia Tuler,"11/11/2024
                ",
Vendedor(a) Interno,Lady Linda Cosmeticos,"11/11/2024
                ",
Vendedor(a),Tecnoagropet Planta e Jardim,"12/11/2024
                ",
Marceneiro,Turbo Gestão de Pessoas,"18/11/2024
                ",https://empregos.maringa.com/vaga-emprego/404154/marceneiro/maringa/pr
Motorista Entregador - Cnh C - P/ Maringá,Job Soluções,"18/11/2024
                ",https://empregos.maringa.com/vaga-emprego/404152/motorista-entregador-cnh-c-p-maringa/maringa/pr
Vendedor(a) de Motocicletas,Freedom Motos,"18/11/2024
                ",https://empregos.maringa.com/vaga-emprego/404151/vendedora-de-motocicletas/maringa/pr
Vendedor(a) Externo - Maringá,Free Way,"18/11/2024
                ",https://empregos.maringa.com/vaga-emprego/404150/vendedora-externo-maringa/maringa/pr
Auxiliar de Conferente,Apratas,"18/11/2024
                ",https://empregos.maringa.com/vaga-emprego/404081/auxiliar-de-conferente/maringa/pr
Auxiliar de produção/montagem - Moveis planejados,Kimobili Móveis Planejados,"18/11/2024
                ",https://empregos.maringa.com/vaga-emprego/404143/auxiliar-de-producaomontagem-moveis-planejados/maringa/pr
Comprador Sr - Importação,Gtfoods Group,"18/11/2024
                ",https://empregos.maringa.com/vaga-emprego/404149/comprador-sr-importacao/maringa/pr
Vendedor(a) Externo- Mandaguari/pr,Free Way,"18/11/2024
                ",https://empregos.maringa.com/vaga-emprego/404148/vendedora-externo-mandaguaripr/mandaguari/pr
Vendedor(a),Bacana Moda Feminina,"18/11/2024
                ",https://empregos.maringa.com/vaga-emprego/404059/vendedora/maringa/pr
Vendedor(a) Externo Pj - Sarandi,Free Way,"18/11/2024
                ",https://empregos.maringa.com/vaga-emprego/404145/vendedora-externo-pj-sarandi/sarandi/pr
Analista de Marketing - Zacarias,Grupo Zacarias Veículos,"18/11/2024
                ",https://empregos.maringa.com/vaga-emprego/404144/analista-de-marketing-zacarias/maringa/pr
Assistente de Qualificação de Leads - Rodotop Seminovos,Grupo Zacarias Veículos,"18/11/2024
                ",https://empregos.maringa.com/vaga-emprego/404147/assistente-de-qualificacao-de-leads-rodotop-seminovos/maringa/pr
Caixa Para Restaurante Temático,Burguer Steak,"18/11/2024
                ",
Atendente de Lanchonete - Shopping,Burger King ,"11/11/2024
                ",
Atendente de Restaurante,Restaurante Ana Vitória,"18/11/2024
                ",
Assistente Administrativo,Uniformizado,"18/11/2024
                ",https://empregos.maringa.com/vaga-emprego/404134/assistente-administrativo/maringa/pr
Auxiliar Operacional de Frota - Rodotop Locadora,Grupo Zacarias Veículos,"18/11/2024
                ",https://empregos.maringa.com/vaga-emprego/404146/auxiliar-operacional-de-frota-rodotop-locadora/maringa/pr
Vendedor(a),Turbo Gestão de Pessoas,"18/11/2024
                ",https://empregos.maringa.com/vaga-emprego/404132/vendedora/maringa/pr
Zeladoria,Paranaguá Cabines,"18/11/2024
                ",https://empregos.maringa.com/vaga-emprego/404131/zeladoria/maringa/pr
"Auxiliar Coordenaçao, Recepção",City Computer,"18/11/2024
                ",https://empregos.maringa.com/vaga-emprego/404070/auxiliar-coordenacao-recepcao/maringa/pr
Analista de Suporte Para Sistemas - Zacarias,Grupo Zacarias Veículos,"18/11/2024
                ",https://empregos.maringa.com/vaga-emprego/404142/analista-de-suporte-para-sistemas-zacarias/maringa/pr
Vendedor (a) - Av. Paraná,Enjoy Consultoria,"18/11/2024
                ",https://empregos.maringa.com/vaga-emprego/404139/vendedor-a-av-parana/maringa/pr
Auxiliar de Mecânico - Concessionária - Sem Experiência - Necessário Curso de Mecânica Automotiva,Enjoy Consultoria,"18/11/2024
                ",https://empregos.maringa.com/vaga-emprego/404141/auxiliar-de-mecanico-concessionaria-sem-experiencia-necessario-curso-de-mecanica-automotiva/maringa/pr
Auxiliar Metalúrgico,Turbo Gestão de Pessoas,"18/11/2024
                ",https://empregos.maringa.com/vaga-emprego/404140/auxiliar-metalurgico/paicandu/pr
Social Mídia (salário de R$2.200 A R$2.700) Vem Ser A Cara da Nossa Marca!,Vaga Confidencial,"18/11/2024
                ",https://empregos.maringa.com/vaga-emprego/404137/social-midia-salario-de-r2200-a-r2700-vem-ser-a-cara-da-nossa-marca/maringa/pr
Coordenador Comercial,Tperes Consultoria,"18/11/2024
                ",https://empregos.maringa.com/vaga-emprego/404138/coordenador-comercial/maringa/pr
Encarregado de Alinhamento de Chassi,Paranaguá Cabines,"18/11/2024
                ",https://empregos.maringa.com/vaga-emprego/404136/encarregado-de-alinhamento-de-chassi/maringa/pr
Auxiliar de Laboratório,Maxbelt ,"18/11/2024
                ",https://empregos.maringa.com/vaga-emprego/404135/auxiliar-de-laboratorio/maringa/pr
Auxiliar de Serviços Gerais,Vaga Confidencial,"18/11/2024
                ",https://empregos.maringa.com/vaga-emprego/404133/auxiliar-de-servicos-gerais/maringa/pr
Vaga de Expedição Com Experiencia,Favoretto,"18/11/2024
                ",https://empregos.maringa.com/vaga-emprego/404129/vaga-de-expedicao-com-experiencia/maringa/pr
Assistente de Marketing,Lady Linda Cosmeticos,"11/11/2024
                ",
Aux Cozinha Noturno - Hamburgueria,Street Burger,"11/11/2024
                ",
Consultor (a) Corporate,Ponto Track,"12/11/2024
                ",
Auxiliar Administrativo,Consorcio Intermunicipal de Saneamento do Parana - Cispar,"18/11/2024
                ",https://empregos.maringa.com/vaga-emprego/404068/auxiliar-administrativo/maringa/pr
Assistente Administrativo,Ademicon Sarandi,"18/11/2024
                ",https://empregos.maringa.com/vaga-emprego/404122/assistente-administrativo/sarandi/pr
Auxiliar de Vendas,C. E. Alencar Apoio Administrativo,"18/11/2024
                ",https://empregos.maringa.com/vaga-emprego/404127/auxiliar-de-vendas/maringa/pr
Recepção/Telefonista,Paranaguá Cabines,"18/11/2024
                ",https://empregos.maringa.com/vaga-emprego/404123/recepcaotelefonista/maringa/pr
Vendedor(a) de Auto Peças - Linha Pesada,Paranaguá Cabines,"18/11/2024
                ",https://empregos.maringa.com/vaga-emprego/404120/vendedora-de-auto-pecas-linha-pesada/maringa/pr
Costureira(o) - Freelancer,Vaga Confidencial,"18/11/2024
                ",https://empregos.maringa.com/vaga-emprego/404104/costureirao-freelancer/maringa/pr
Atendente,Seu Belarmino Sorvetes,"18/11/2024
                ",https://empregos.maringa.com/vaga-emprego/380479/atendente/maringa/pr
Corretora de Seguros,Nelson Seguros,"18/11/2024
                ",https://empregos.maringa.com/vaga-emprego/392787/corretora-de-seguros/maringa/pr
Contrata-se Operador de Caminhão Munck e Operador de Bobcat,Bac Construtora,"18/11/2024
                ",https://empregos.maringa.com/vaga-emprego/391820/contrata-se-operador-de-caminhao-munck-e-operador-de-bobcat/maringa/pr
Consultor de Vendas,Allcross Maringa,"18/11/2024
                ",https://empregos.maringa.com/vaga-emprego/377241/consultor-de-vendas/maringa/pr
Consultor de Vendas Internas,Enjoy Consultoria,"18/11/2024
                ",https://empregos.maringa.com/vaga-emprego/404130/consultor-de-vendas-internas/maringa/pr
Auxiliar de Carga e Descarga,Vaga Confidencial,"18/11/2024
                ",https://empregos.maringa.com/vaga-emprego/404121/auxiliar-de-carga-e-descarga/maringa/pr
Vendas,Casa do Maquiador,"18/11/2024
                ",
Mecanico Para Manutençao Motores A Combustao -trabalho Interno,Maringa Maquinas,"11/11/2024
                ",
Grupo Souza Contabilidade: Contrata - Assistente/analista Escrita Fiscal.,Grupo Souza Contabilidade,"12/11/2024
                ",
Estágio - Secretariado,Proe Maringá,"18/11/2024
                ",https://empregos.maringa.com/vaga-emprego/404115/estagio-secretariado/maringa/pr
Assistente Fiscal,Paranaguá Cabines,"18/11/2024
                ",https://empregos.maringa.com/vaga-emprego/404128/assistente-fiscal/maringa/pr
Encarregado(a) de Loja em Maringá,Vaga Confidencial,"18/11/2024
                ",https://empregos.maringa.com/vaga-emprego/404126/encarregadoa-de-loja-em-maringa/maringa/pr
Assistente Adm de Vendas,Frangos Maringá,"18/11/2024
                ",https://empregos.maringa.com/vaga-emprego/404125/assistente-adm-de-vendas/maringa/pr
Auxiliar de Cozinha,Santa Casa de Misericórdia de Maringá,"18/11/2024
                ",https://empregos.maringa.com/vaga-emprego/404124/auxiliar-de-cozinha/maringa/pr
Técnico (a) de Segurança do Trabalho - Consultoria,Enjoy Consultoria,"18/11/2024
                ",https://empregos.maringa.com/vaga-emprego/404119/tecnico-a-de-seguranca-do-trabalho-consultoria/maringa/pr
Coordenador (a) de Recepção,Rio Hotel Bourbon Maringá,"18/11/2024
                ",https://empregos.maringa.com/vaga-emprego/404118/coordenador-a-de-recepcao/maringa/pr
Carga/descarga - 10h Às 18h,Fa Maringá,"18/11/2024
                ",https://empregos.maringa.com/vaga-emprego/404117/cargadescarga-10h-As-18h/maringa/pr
Analista de Marketing - Empresa No Final da Avenida Morangueira - Próximo Ao Contorno Norte,Enjoy Consultoria,"18/11/2024
                ",https://empregos.maringa.com/vaga-emprego/404116/analista-de-marketing-empresa-no-final-da-avenida-morangueira-proximo-ao-contorno-norte/maringa/pr
Vidraceiro,Vaga Confidencial,"18/11/2024
                ",https://empregos.maringa.com/vaga-emprego/404114/vidraceiro/maringa/pr
Auxiliar Contábil - Programa Empregar,Vaga Confidencial,"18/11/2024
                ",https://empregos.maringa.com/vaga-emprego/404108/auxiliar-contabil-programa-empregar/maringa/pr
Estágio - Moda/design de Moda,Proe Maringá,"18/11/2024
                ",https://empregos.maringa.com/vaga-emprego/404111/estagio-modadesign-de-moda/maringa/pr
Caixa,B1,"11/11/2024
                ",
Vendedor(a) Interno,Via Certa Maringá,"13/11/2024
                ",
Vendedor Interno Para Loja de Maquinas e Ferramentas,Maringá Máquinas e Equipamentos,"11/11/2024
                ",
Vendedor (a) - Shopping Cidade - 13h40 Às 22h00 - Sem Experiência,Enjoy Consultoria,"18/11/2024
                ",https://empregos.maringa.com/vaga-emprego/404113/vendedor-a-shopping-cidade-13h40-As-22h00-sem-experiencia/maringa/pr
Estoque - Urgente - Avenida Brasil - Com Cnh,Enjoy Consultoria,"18/11/2024
                ",https://empregos.maringa.com/vaga-emprego/404112/estoque-urgente-avenida-brasil-com-cnh/maringa/pr
Serralheiro,Turbo Gestão de Pessoas,"18/11/2024
                ",https://empregos.maringa.com/vaga-emprego/404110/serralheiro/maringa/pr
"Estoque/entregas - Salário Inicial de 2.500,00",Enjoy Consultoria,"18/11/2024
                ",https://empregos.maringa.com/vaga-emprego/404109/estoqueentregas-salario-inicial-de-250000/maringa/pr
Caixa - Shopping Avenida Center 14h Às 22h,Enjoy Consultoria,"18/11/2024
                ",https://empregos.maringa.com/vaga-emprego/404107/caixa-shopping-avenida-center-14h-As-22h/maringa/pr
Estágio - Marketing/ Publicidade e Propaganda,Proe Maringá,"18/11/2024
                ",https://empregos.maringa.com/vaga-emprego/404106/estagio-marketing-publicidade-e-propaganda/maringa/pr
Auxiliar de Manutenção - Sem Experiência,Enjoy Consultoria,"18/11/2024
                ",https://empregos.maringa.com/vaga-emprego/404105/auxiliar-de-manutencao-sem-experiencia/maringa/pr
Estoque - Concessionária de Veículos,Enjoy Consultoria,"18/11/2024
                ",https://empregos.maringa.com/vaga-emprego/404103/estoque-concessionaria-de-veiculos/maringa/pr
Vendedor(a) - Programa Empregar,Vaga Confidencial,"18/11/2024
                ",https://empregos.maringa.com/vaga-emprego/404098/vendedora-programa-empregar/maringa/pr
Auxiliar de Produção - Programa Empregar,Vaga Confidencial,"18/11/2024
                ",https://empregos.maringa.com/vaga-emprego/404101/auxiliar-de-producao-programa-empregar/maringa/pr
Estágio - Ensino Médio / Educação de Jovens e Adultos,Proe Maringá,"18/11/2024
                ",https://empregos.maringa.com/vaga-emprego/404097/estagio-ensino-medio-educacao-de-jovens-e-adultos/maringa/pr
Estoque - Concessionária de Veículos,Enjoy Consultoria,"18/11/2024
                ",https://empregos.maringa.com/vaga-emprego/404102/estoque-concessionaria-de-veiculos/maringa/pr
Ator Ou Dançarino Para Restaurante Temático,Burguer Steak,"17/11/2024
                ",
Corretor de Imóveis,Maringá Apartamentos,"14/11/2024
                ",
Fisioterapeuta Ortopedia,Laser&co,"18/11/2024
                ",
Técnico (a) em Refrigeração,Enjoy Consultoria,"18/11/2024
                ",https://empregos.maringa.com/vaga-emprego/404100/tecnico-a-em-refrigeracao/maringa/pr
Consultor de Vendas Web - Zacarias,Grupo Zacarias Veículos,"18/11/2024
                ",https://empregos.maringa.com/vaga-emprego/404099/consultor-de-vendas-web-zacarias/maringa/pr
Vagas P/ Aposentado(a),Job Soluções,"18/11/2024
                ",https://empregos.maringa.com/vaga-emprego/404096/vagas-p-aposentadoa/maringa/pr
Gestor (a) Comercial - Pj,Enjoy Consultoria,"18/11/2024
                ",https://empregos.maringa.com/vaga-emprego/404090/gestor-a-comercial-pj/maringa/pr
Costureira (o) Com Experiência,Enjoy Consultoria,"18/11/2024
                ",https://empregos.maringa.com/vaga-emprego/404087/costureira-o-com-experiencia/maringa/pr
Zeladoria Para Instituição Religiosa,Vaga Confidencial,"18/11/2024
                ",https://empregos.maringa.com/vaga-emprego/404093/zeladoria-para-instituicao-religiosa/maringa/pr
Auxiliar de Produção P/ Multinacional - Primeiro Emprego,Job Soluções,"18/11/2024
                ",https://empregos.maringa.com/vaga-emprego/404092/auxiliar-de-producao-p-multinacional-primeiro-emprego/maringa/pr
Auxiliar de Produção P/ Multinacional (14h20 Às 22h35),Job Soluções,"18/11/2024
                ",https://empregos.maringa.com/vaga-emprego/404088/auxiliar-de-producao-p-multinacional-14h20-As-22h35/maringa/pr
Assistente de Rh,Vaga Confidencial,"18/11/2024
                ",https://empregos.maringa.com/vaga-emprego/404095/assistente-de-rh/marialva/pr
Auxiliar Administrativo - Segunda A Sexta,Enjoy Consultoria,"18/11/2024
                ",https://empregos.maringa.com/vaga-emprego/404094/auxiliar-administrativo-segunda-a-sexta/maringa/pr
Consultor de Venda - Rodotop,Grupo Zacarias Veículos,"18/11/2024
                ",https://empregos.maringa.com/vaga-emprego/404091/consultor-de-venda-rodotop/maringa/pr
Eletricista,Enjoy Consultoria,"18/11/2024
                ",https://empregos.maringa.com/vaga-emprego/404089/eletricista/maringa/pr
Assistente Administrativo (empresa em Marialva) - Programa Empregar,Vaga Confidencial,"18/11/2024
                ",https://empregos.maringa.com/vaga-emprego/404085/assistente-administrativo-empresa-em-marialva-programa-empregar/maringa/pr
Ajudante de Eletricista,Enjoy Consultoria,"18/11/2024
                ",https://empregos.maringa.com/vaga-emprego/404086/ajudante-de-eletricista/maringa/pr
Assistente de Recrutamento e Seleção,Vaga Confidencial,"18/11/2024
                ",https://empregos.maringa.com/vaga-emprego/404084/assistente-de-recrutamento-e-selecao/maringa/pr
Estágio em escritório de Advocacia /estágio em Direito,Ramos Ribeiro Advocacia,"18/11/2024
                ",
Vaga Para Analista de Departamento Pessoal,Cafisso Contabilidade,"11/11/2024
                ",
Atendente de Food Truck,Ice Churros,"11/11/2024
                ",
Almoxarife/estoque - Empresa Próxima Ao Catuaí,Enjoy Consultoria,"18/11/2024
                ",https://empregos.maringa.com/vaga-emprego/404079/almoxarifeestoque-empresa-proxima-ao-catuai/maringa/pr
Auxiliar de Pós Vendas - Ebrun,Grupo Zacarias Veículos,"18/11/2024
                ",https://empregos.maringa.com/vaga-emprego/404083/auxiliar-de-pos-vendas-ebrun/maringa/pr
Estágio - Eletrotécnica/ Engenharia Elétrica,Proe Maringá,"18/11/2024
                ",https://empregos.maringa.com/vaga-emprego/404077/estagio-eletrotecnica-engenharia-eletrica/maringa/pr
Assistente de Vendas - Material Elétrico,Enjoy Consultoria,"18/11/2024
                ",https://empregos.maringa.com/vaga-emprego/404082/assistente-de-vendas-material-eletrico/maringa/pr
"Assistente Administrativo - R$2.000,00 e Benefícios",Enjoy Consultoria,"18/11/2024
                ",https://empregos.maringa.com/vaga-emprego/404080/assistente-administrativo-r200000-e-beneficios/maringa/pr
Orçamentista - Ebrun,Grupo Zacarias Veículos,"18/11/2024
                ",https://empregos.maringa.com/vaga-emprego/404076/orcamentista-ebrun/maringa/pr
Estágio - Educação Física Licenciatura,Proe Maringá,"18/11/2024
                ",https://empregos.maringa.com/vaga-emprego/404072/estagio-educacao-fisica-licenciatura/maringa/pr
Assistente Operacional Iguaraçu,Principiu's Rh - Gestão de Pessoas,"18/11/2024
                ",https://empregos.maringa.com/vaga-emprego/404075/assistente-operacional-iguaracu/iguaracu/pr
Administrativo - Corretora de Seguros,Enjoy Consultoria,"18/11/2024
                ",https://empregos.maringa.com/vaga-emprego/404074/administrativo-corretora-de-seguros/maringa/pr
Técnico Jr - Ebrun,Grupo Zacarias Veículos,"18/11/2024
                ",https://empregos.maringa.com/vaga-emprego/404073/tecnico-jr-ebrun/maringa/pr
Fisioterapeuta Ocupacional,Enjoy Consultoria,"18/11/2024
                ",https://empregos.maringa.com/vaga-emprego/404071/fisioterapeuta-ocupacional/maringa/pr
Assistente Contábil - Escritório, Abla Rh - Solucoes em Pessoas,"18/11/2024
                ",https://empregos.maringa.com/vaga-emprego/404064/assistente-contabil-escritorio/maringa/pr
Vaga de Barman Para Bar Petiscaria,Humaitô Bar,"18/11/2024
                ",
Vendedora Shopping,Resende Folheados ,"12/11/2024
                ",
Vendedor(a) Interno,Valdar Móveis ,"18/11/2024
                ",
Motorista Entregador Cnh D,Vaga Confidencial,"18/11/2024
                ",https://empregos.maringa.com/vaga-emprego/404067/motorista-entregador-cnh-d/maringa/pr
Vendedor(a) Confecções - Programa Empregar,Vaga Confidencial,"18/11/2024
                ",https://empregos.maringa.com/vaga-emprego/404066/vendedora-confeccoes-programa-empregar/maringa/pr
Vendedor (a) - Joalheria,Enjoy Consultoria,"18/11/2024
                ",https://empregos.maringa.com/vaga-emprego/404069/vendedor-a-joalheria/maringa/pr
Operador de Loja - Flv Amigão Sarandi,Amigão Supermercados,"18/11/2024
                ",https://empregos.maringa.com/vaga-emprego/404062/operador-de-loja-flv-amigao-sarandi/sarandi/pr
Estágio - Agronomia/ Engenharia Agronômica,Proe Maringá,"18/11/2024
                ",https://empregos.maringa.com/vaga-emprego/404063/estagio-agronomia-engenharia-agronomica/maringa/pr
Consultor de Vendas Suprimentos de Informatica,Principiu's Rh - Gestão de Pessoas,"18/11/2024
                ",https://empregos.maringa.com/vaga-emprego/404065/consultor-de-vendas-suprimentos-de-informatica/maringa/pr
Fonoaudiólogo(a),Vaga Confidencial,"18/11/2024
                ",https://empregos.maringa.com/vaga-emprego/404057/fonoaudiologoa/maringa/pr
Auxiliar de Produção 16h-01h,Vaga Confidencial,"18/11/2024
                ",https://empregos.maringa.com/vaga-emprego/404060/auxiliar-de-producao-16h-01h/maringa/pr
Telefonista - Zacarias Veículos,Grupo Zacarias Veículos,"18/11/2024
                ",https://empregos.maringa.com/vaga-emprego/404061/telefonista-zacarias-veiculos/maringa/pr
Cuidador de Idosos 12x36,Vaga Confidencial,"18/11/2024
                ",https://empregos.maringa.com/vaga-emprego/404058/cuidador-de-idosos-12x36/maringa/pr
Serralheiro,Vaga Confidencial,"18/11/2024
                ",https://empregos.maringa.com/vaga-emprego/404056/serralheiro/maringa/pr
Vendedor(a) - Peças Automotivas,Vaga Confidencial,"18/11/2024
                ",https://empregos.maringa.com/vaga-emprego/404052/vendedora-pecas-automotivas/maringa/pr
Auxiliar de Produção - Têmpera de Vidros,Proforte Vidros,"13/11/2024
                ",
Auxiliar de Lavanderia / Lavador,MM Lavavandeira Insutrial,"13/11/2024
                ",
Vendedor.,Central de Compras Pesados,"14/11/2024
                ",
Empacotador(a),Amigão Supermercados,"18/11/2024
                ",https://empregos.maringa.com/vaga-emprego/404055/empacotadora/sarandi/pr
Preparador de Peças Metálicas,Vaga Confidencial,"18/11/2024
                ",https://empregos.maringa.com/vaga-emprego/404054/preparador-de-pecas-metalicas/maringa/pr
Preparador de Peças Metálicas,Turbo Gestão de Pessoas,"18/11/2024
                ",https://empregos.maringa.com/vaga-emprego/404053/preparador-de-pecas-metalicas/maringa/pr
Auxiliar Administrativo - (pcd),Unimed Maringá,"18/11/2024
                ",https://empregos.maringa.com/vaga-emprego/392019/auxiliar-administrativo-pcd/maringa/pr
Técnico de Laboratório,Unimed Maringá,"18/11/2024
                ",https://empregos.maringa.com/vaga-emprego/334807/tecnico-de-laboratorio/maringa/pr
"Mecânica de Automóvel, Linha Leve",Auto Mecânica Bachega,"18/11/2024
                ",https://empregos.maringa.com/vaga-emprego/349203/mecanica-de-automovel-linha-leve/maringa/pr
Auxiliar de Produção 12:00 As 22:00,Vaga Confidencial,"18/11/2024
                ",https://empregos.maringa.com/vaga-emprego/404051/auxiliar-de-producao-1200-as-2200/maringa/pr
Controller Jurídico,Enjoy Consultoria,"18/11/2024
                ",https://empregos.maringa.com/vaga-emprego/404050/controller-juridico/maringa/pr
Vendedor(a) Loja de Uniformes,Demorgan Uniformes,"18/11/2024
                ",https://empregos.maringa.com/vaga-emprego/404049/vendedora-loja-de-uniformes/maringa/pr
Auxiliar Administrativo Atendimento,Encontro Fraterno Lins de Vasconcellos,"18/11/2024
                ",https://empregos.maringa.com/vaga-emprego/404046/auxiliar-administrativo-atendimento/maringa/pr
Operadora de Caixa,Distribuidora de Carnes Ribeiro,"18/11/2024
                ",https://empregos.maringa.com/vaga-emprego/404048/operadora-de-caixa/maringa/pr
Motoboy,Qualidade Total Farmácia de Manipulação,"18/11/2024
                ",https://empregos.maringa.com/vaga-emprego/404047/motoboy/maringa/pr
Cozinheiro (a),Divino Fogão,"16/11/2024
                ",
Serviços Gerais - Limpeza,Marco's Padaria Gourmet,"14/11/2024
                ",
Separador de Mercadorias,Atacado Maringa,"14/11/2024
                ",
Criador de Conteudo Para Redes Sociais Market Places,Biantex Estamparia Digital,"18/11/2024
                ",https://empregos.maringa.com/vaga-emprego/380698/criador-de-conteudo-para-redes-sociais-market-places/maringa/pr
Montador de Móveis,Vaga Confidencial,"18/11/2024
                ",https://empregos.maringa.com/vaga-emprego/404045/montador-de-moveis/maringa/pr
Atendente de Quiosque - Programa Empregar,Vaga Confidencial,"18/11/2024
                ",https://empregos.maringa.com/vaga-emprego/404042/atendente-de-quiosque-programa-empregar/maringa/pr
Secretariado para Clinica,Otica Optolux,"18/11/2024
                ",https://empregos.maringa.com/vaga-emprego/365911/secretariado-para-clinica/sarandi/pr
Babá Meio Período,Vaga Confidencial,"18/11/2024
                ",https://empregos.maringa.com/vaga-emprego/404044/baba-meio-periodo/maringa/pr
Passadeira,Recco Lingerie,"18/11/2024
                ",https://empregos.maringa.com/vaga-emprego/404043/passadeira/maringa/pr
Operador (a) de Máquinas - Trabalhar Na Irlanda do Norte,Enjoy Consultoria,"18/11/2024
                ",https://empregos.maringa.com/vaga-emprego/404041/operador-a-de-maquinas-trabalhar-na-irlanda-do-norte/maringa/pr
Recepção - Zacarias Veículos,Grupo Zacarias Veículos,"18/11/2024
                ",https://empregos.maringa.com/vaga-emprego/404032/recepcao-zacarias-veiculos/maringa/pr
Recepção - Peugeot,Grupo Zacarias Veículos,"18/11/2024
                ",https://empregos.maringa.com/vaga-emprego/404028/recepcao-peugeot/maringa/pr
Estágio em Design Gráfico - Empresa No Centro e Vagas Para Ambos Os Períodos,Editora Viseu,"18/11/2024
                ",https://empregos.maringa.com/vaga-emprego/404040/estagio-em-design-grafico-empresa-no-centro-e-vagas-para-ambos-os-periodos/maringa/pr
"Vendedor (a) Interno - 2.500,00 + Comissão Alta",Enjoy Consultoria,"18/11/2024
                ",https://empregos.maringa.com/vaga-emprego/404038/vendedor-a-interno-250000-comissao-alta/maringa/pr
Atendente Estacionamento Rotativo,Espaço Park,"18/11/2024
                ",https://empregos.maringa.com/vaga-emprego/404033/atendente-estacionamento-rotativo/maringa/pr
Vendedor (a) Externo - Necessário Veículo Próprio,Enjoy Consultoria,"18/11/2024
                ",https://empregos.maringa.com/vaga-emprego/404039/vendedor-a-externo-necessario-veiculo-proprio/maringa/pr
Consultor Comercial Externo - Revestimentos C. Civil,Principiu's Rh - Gestão de Pessoas,"18/11/2024
                ",https://empregos.maringa.com/vaga-emprego/404037/consultor-comercial-externo-revestimentos-c-civil/maringa/pr
Auxiliar de Produção,Turbo Gestão de Pessoas,"18/11/2024
                ",https://empregos.maringa.com/vaga-emprego/404036/auxiliar-de-producao/maringa/pr
Crediarista em Loja de Calçados e Confecções,Venzel Store,"18/11/2024
                ",
Faxina/zeladoria,Maringá Apartamentos,"11/11/2024
                ",
Balconista - Atendente Horário 14:50 Ás 21:00,Holandesa Padaria,"12/11/2024
                ",
Assistente de Departamento Pessoal,Editora Viseu,"18/11/2024
                ",https://empregos.maringa.com/vaga-emprego/404035/assistente-de-departamento-pessoal/maringa/pr
Vendas Externas Peças Automotivas (leve e Pesada) Londrina,Principiu's Rh - Gestão de Pessoas,"18/11/2024
                ",https://empregos.maringa.com/vaga-emprego/404034/vendas-externas-pecas-automotivas-leve-e-pesada-londrina/londrina/pr
Assistente Comercial,Vaga Confidencial,"18/11/2024
                ",https://empregos.maringa.com/vaga-emprego/404031/assistente-comercial/maringa/pr
Designer Gráfico - Segunda A Sexta - Horário Comercial,Editora Viseu,"18/11/2024
                ",https://empregos.maringa.com/vaga-emprego/404030/designer-grafico-segunda-a-sexta-horario-comercial/maringa/pr
Almoxarife,Oliveira Silva ,"18/11/2024
                ",https://empregos.maringa.com/vaga-emprego/404029/almoxarife/maringa/pr
Operador de Caixa Lotérico,Loterica Pedro Taques,"18/11/2024
                ",https://empregos.maringa.com/vaga-emprego/404027/operador-de-caixa-loterico/maringa/pr
Operador de Telemarketing,Vaga Confidencial,"18/11/2024
                ",https://empregos.maringa.com/vaga-emprego/404026/operador-de-telemarketing/maringa/pr
Atendimento Ao Cliente Online - Segunda A Sexta em Horário Comercial,Editora Viseu,"18/11/2024
                ",https://empregos.maringa.com/vaga-emprego/404025/atendimento-ao-cliente-online-segunda-a-sexta-em-horario-comercial/maringa/pr
Empacotador -amigão Shopping Mandacaru,Amigão Supermercados,"18/11/2024
                ",https://empregos.maringa.com/vaga-emprego/404024/empacotador-amigao-shopping-mandacaru/maringa/pr
Trabalhador Rural,Vaga Confidencial,"18/11/2024
                ",https://empregos.maringa.com/vaga-emprego/404023/trabalhador-rural/maringa/pr
Analista de Cadastro,Vaga Confidencial,"18/11/2024
                ",https://empregos.maringa.com/vaga-emprego/404022/analista-de-cadastro/maringa/pr
Operador (a) de Caixa 12x36 - Amigão Shopping Mandacaru,Amigão Supermercados,"18/11/2024
                ",https://empregos.maringa.com/vaga-emprego/404021/operador-a-de-caixa-12x36-amigao-shopping-mandacaru/maringa/pr
Motorista Truck,Real Telhas,"13/11/2024
                ",
Operador de Máquina - 14h Às 23h,Fa Maringá,"12/11/2024
                ",
Loja Uza Catuaí Maringá,Vallentina Pires Semijoias,"15/11/2024
                ",
Auxiliar Administrativo, Abla Rh - Solucoes em Pessoas,"18/11/2024
                ",https://empregos.maringa.com/vaga-emprego/404020/auxiliar-administrativo/maringa/pr
Auxiliar de Produção- Marialva/pr,Employer Tudo do Rh,"18/11/2024
                ",https://empregos.maringa.com/vaga-emprego/404019/auxiliar-de-producao-marialvapr/marialva/pr
Auxiliar de Vendas - Shopping Paraná Moda Park,Recco Lingerie,"18/11/2024
                ",https://empregos.maringa.com/vaga-emprego/404018/auxiliar-de-vendas-shopping-parana-moda-park/maringa/pr
Assistente de Credenciamento,Vaga Confidencial,"18/11/2024
                ",https://empregos.maringa.com/vaga-emprego/404017/assistente-de-credenciamento/maringa/pr
Vendedor(a) Interno e Externo - Programa Empregar,Vaga Confidencial,"18/11/2024
                ",https://empregos.maringa.com/vaga-emprego/404016/vendedora-interno-e-externo-programa-empregar/maringa/pr
Analista de Mídias Sociais (social Media), Abla Rh - Solucoes em Pessoas,"18/11/2024
                ",https://empregos.maringa.com/vaga-emprego/404015/analista-de-midias-sociais-social-media/maringa/pr
Repositor de Flv - Loja Ney Braga,Amigão Supermercados,"18/11/2024
                ",https://empregos.maringa.com/vaga-emprego/404014/repositor-de-flv-loja-ney-braga/maringa/pr
Televendas - Programa Empregar,Vaga Confidencial,"18/11/2024
                ",https://empregos.maringa.com/vaga-emprego/404013/televendas-programa-empregar/maringa/pr
Vendedor(a) Externo - Máquinas e Implementos Agrícolas - Umuarama/pr,C.Vale,"18/11/2024
                ",https://empregos.maringa.com/vaga-emprego/392207/vendedora-externo-maquinas-e-implementos-agricolas-umuaramapr/umuarama/pr
Vendas,Casa do Maquiador,"18/11/2024
                ",https://empregos.maringa.com/vaga-emprego/217025/vendas/maringa/pr
Encarregado de Prevenção de Perdas,Vaga Confidencial,"18/11/2024
                ",https://empregos.maringa.com/vaga-emprego/404009/encarregado-de-prevencao-de-perdas/maringa/pr
Supervisor de Vendas - Programa Empregar,Vaga Confidencial,"18/11/2024
                ",https://empregos.maringa.com/vaga-emprego/404007/supervisor-de-vendas-programa-empregar/maringa/pr
Auxiliar de Limpeza,Marco's Boutique de Pão,"13/11/2024
                ",
Corretor de Imóveis,Maringá Apartamentos,"14/11/2024
                ",
Atendente de Lanchonete - Shopping,Burger King ,"11/11/2024
                ",
Servente de Limpeza,Exclusiva Terceirizações e Temporários,"18/11/2024
                ",https://empregos.maringa.com/vaga-emprego/404008/servente-de-limpeza/maringa/pr
Analista de Planejamento Comercial,Vaga Confidencial,"18/11/2024
                ",https://empregos.maringa.com/vaga-emprego/404012/analista-de-planejamento-comercial/maringa/pr
Vendedor(a) Loja de Eletroeletrônicos e Eletrodomésticos,Principiu's Rh - Gestão de Pessoas,"18/11/2024
                ",https://empregos.maringa.com/vaga-emprego/404010/vendedora-loja-de-eletroeletronicos-e-eletrodomesticos/maringa/pr
Executivo Comercial - Closer. Belo Horizonte,Principiu's Rh - Gestão de Pessoas,"18/11/2024
                ",https://empregos.maringa.com/vaga-emprego/404011/executivo-comercial-closer-belo-horizonte/belo-horizonte/mg
Soldador - Funileiro Industrial - Contratação Imediata,E-sanches Agencia de Empregos,"18/11/2024
                ",https://empregos.maringa.com/vaga-emprego/404006/soldador-funileiro-industrial-contratacao-imediata/maringa/pr
Adesivador de Película,E-sanches Agencia de Empregos,"18/11/2024
                ",https://empregos.maringa.com/vaga-emprego/404005/adesivador-de-pelicula/maringa/pr
Vendedor(a) - Shopping,E-sanches Agencia de Empregos,"18/11/2024
                ",https://empregos.maringa.com/vaga-emprego/404004/vendedora-shopping/maringa/pr
Ajudante Geral - Setor Barracão/expedição,E-sanches Agencia de Empregos,"18/11/2024
                ",https://empregos.maringa.com/vaga-emprego/404003/ajudante-geral-setor-barracaoexpedicao/maringa/pr
Almoxarife/auxiliar de Estoque,Rc Consultoria ,"18/11/2024
                ",https://empregos.maringa.com/vaga-emprego/404001/almoxarifeauxiliar-de-estoque/maringa/pr
Ajudante de Carga e Descarga - 08 Vaga - Oportunidade Para Passar O Final de Ano Contratado.,E-sanches Agencia de Empregos,"18/11/2024
                ",https://empregos.maringa.com/vaga-emprego/404002/ajudante-de-carga-e-descarga-08-vaga-oportunidade-para-passar-o-final-de-ano-contratado/maringa/pr
Recepção - Segunda A Sexta-feira,E-sanches Agencia de Empregos,"18/11/2024
                ",https://empregos.maringa.com/vaga-emprego/404000/recepcao-segunda-a-sexta-feira/maringa/pr
Vendedor(a) Interna - Salário Excelente,E-sanches Agencia de Empregos,"18/11/2024
                ",https://empregos.maringa.com/vaga-emprego/403999/vendedora-interna-salario-excelente/maringa/pr
Auxiliar de Produçao,Vaga Confidencial,"11/11/2024
                ",
Social Mídia (salário de R$2.200 A R$2.700) Vem Ser A Cara da Nossa Marca!,Vaga Confidencial,"18/11/2024
                ",
"Mecânica de Automóvel, Linha Leve",Auto Mecânica Bachega,"18/11/2024
                ",
Adesivador,Emplaca,"18/11/2024
                ",https://empregos.maringa.com/vaga-emprego/403998/adesivador/maringa/pr
Vendedor (a)  de Veículos - Cnh B,Enjoy Consultoria,"18/11/2024
                ",https://empregos.maringa.com/vaga-emprego/403997/vendedor-a-de-veiculos-cnh-b/maringa/pr
Recepção de Loja - Programa Empregar,Vaga Confidencial,"18/11/2024
                ",https://empregos.maringa.com/vaga-emprego/403996/recepcao-de-loja-programa-empregar/maringa/pr
Atendente Repositor,Ordini ,"18/11/2024
                ",https://empregos.maringa.com/vaga-emprego/403970/atendente-repositor/maringa/pr
Assistente Administrativo,Stock Atacadista ,"18/11/2024
                ",https://empregos.maringa.com/vaga-emprego/403992/assistente-administrativo/aracatuba/sp
Empregada Doméstica Alphaville Iguaraçu,Principiu's Rh - Gestão de Pessoas,"18/11/2024
                ",https://empregos.maringa.com/vaga-emprego/403994/empregada-domestica-alphaville-iguaracu/iguaracu/pr
Assistente Administrativo,Bravo Empreendimentos,"18/11/2024
                ",https://empregos.maringa.com/vaga-emprego/403995/assistente-administrativo/maringa/pr
Farmacêutico(a)- Paiçandu Noturno,Farmácias São Paulo,"18/11/2024
                ",https://empregos.maringa.com/vaga-emprego/403993/farmaceuticoa-paicandu-noturno/paicandu/pr
Vendedor (a),Club Denim,"18/11/2024
                ",https://empregos.maringa.com/vaga-emprego/403968/vendedor-a/maringa/pr
Farmacêutico(a)- Maringá Noturno,Farmácias São Paulo,"18/11/2024
                ",https://empregos.maringa.com/vaga-emprego/403991/farmaceuticoa-maringa-noturno/maringa/pr
Farmacêutico(a)- Sarandi Noturno,Farmácias São Paulo,"18/11/2024
                ",https://empregos.maringa.com/vaga-emprego/403990/farmaceuticoa-sarandi-noturno/sarandi/pr
Auxiliar de Gestão Estoque,Farmácias São Paulo,"18/11/2024
                ",https://empregos.maringa.com/vaga-emprego/392732/auxiliar-de-gestao-estoque/maringa/pr
Atendente- Maringá Noturno,Farmácias São Paulo,"18/11/2024
                ",https://empregos.maringa.com/vaga-emprego/389609/atendente-maringa-noturno/maringa/pr
Auxiliar de instalação - Calhas,PL Calhas,"18/11/2024
                ",https://empregos.maringa.com/vaga-emprego/403977/auxiliar-de-instalacao-calhas/maringa/pr
Engenharia Elétrica/atendimento Ao Cliente,Solar Maxx,"18/11/2024
                ",https://empregos.maringa.com/vaga-emprego/403989/engenharia-eletricaatendimento-ao-cliente/maringa/pr
Vaga Para Operador(a) de Caixa,V. Guimaraes Martins,"11/11/2024
                ",
Mecânico Empilhadeira / Automotivo Leve Ou Pesado.,Jjs Empilhadeiras,"13/11/2024
                ",
Loja Uza Catuaí Maringá,Vallentina Pires Semijoias,"15/11/2024
                ",
Vendedor(a) Externo,Sattrack Rastreamento e Logística,"18/11/2024
                ",https://empregos.maringa.com/vaga-emprego/403956/vendedora-externo/maringa/pr
Auxiliar Montagem de Esquadria,Via Vidro,"18/11/2024
                ",https://empregos.maringa.com/vaga-emprego/403986/auxiliar-montagem-de-esquadria/maringa/pr
Zeladoria / Jardineiro,Condomínio  Morada do Lago,"18/11/2024
                ",https://empregos.maringa.com/vaga-emprego/403988/zeladoria-jardineiro/maringa/pr
Vendedor(a) de Clinica,Clínica Divino Espaço ,"18/11/2024
                ",https://empregos.maringa.com/vaga-emprego/403960/vendedora-de-clinica/maringa/pr
Balconista de Padaria,Hipermecados Condor ,"18/11/2024
                ",https://empregos.maringa.com/vaga-emprego/403984/balconista-de-padaria/maringa/pr
Auxiliar Financeiro,Tavares e Pascoal Construtora,"18/11/2024
                ",https://empregos.maringa.com/vaga-emprego/403975/auxiliar-financeiro/curitiba/pr
Faturamento,Ncsconnect,"18/11/2024
                ",https://empregos.maringa.com/vaga-emprego/403973/faturamento/maringa/pr
Estágio - Direito,1º Tabelionato de Notas de Maringa,"18/11/2024
                ",https://empregos.maringa.com/vaga-emprego/403953/estagio-direito/maringa/pr
Auxiliar de Almoxarifado,Ingá Peças Agrícolas,"18/11/2024
                ",https://empregos.maringa.com/vaga-emprego/372286/auxiliar-de-almoxarifado/maringa/pr
Camareira Hotel,Hotel Parati,"18/11/2024
                ",https://empregos.maringa.com/vaga-emprego/366118/camareira-hotel/maringa/pr
Farmaceutico/comprador,Vaga Confidencial,"18/11/2024
                ",https://empregos.maringa.com/vaga-emprego/403982/farmaceuticocomprador/maringa/pr
Auxiliar de Cozinha - Sem Experiência.,Hot Beef,"18/11/2024
                ",https://empregos.maringa.com/vaga-emprego/403985/auxiliar-de-cozinha-sem-experiencia/maringa/pr
Auxiliar de Limpeza,Marco's Boutique de Pão,"13/11/2024
                ",
Atendente - Balconista,Marco's Padaria Gourmet,"14/11/2024
                ",
Auxiliar de Cozinha,Restaurante Ana Vitória,"18/11/2024
                ",
Auxiliar de Serviços Gerais,Viação Garcia,"18/11/2024
                ",https://empregos.maringa.com/vaga-emprego/403980/auxiliar-de-servicos-gerais/maringa/pr
Estágio Clínica de Estética - Avenida Mandacaru - Biomedicina Ou Estética,Enjoy Consultoria,"18/11/2024
                ",https://empregos.maringa.com/vaga-emprego/403987/estagio-clinica-de-estetica-avenida-mandacaru-biomedicina-ou-estetica/maringa/pr
Consultor(a) de Beleza- Maringá Noturno,Farmácias São Paulo,"18/11/2024
                ",https://empregos.maringa.com/vaga-emprego/403983/consultora-de-beleza-maringa-noturno/maringa/pr
Analista de Departamento Pessoal,Arilu,"18/11/2024
                ",https://empregos.maringa.com/vaga-emprego/403981/analista-de-departamento-pessoal/maringa/pr
Zelador (a),Vaga Confidencial,"18/11/2024
                ",https://empregos.maringa.com/vaga-emprego/403974/zelador-a/maringa/pr
Ajudante de Carga e Descarga - Maringá,Alfa Transportes,"18/11/2024
                ",https://empregos.maringa.com/vaga-emprego/403978/ajudante-de-carga-e-descarga-maringa/maringa/pr
Contrata-se Vendedores Para 2025!!!,Vaga Confidencial,"18/11/2024
                ",https://empregos.maringa.com/vaga-emprego/403976/contrata-se-vendedores-para-2025/maringa/pr
Auxiliar de Produção - Maringá,Enjoy Consultoria,"18/11/2024
                ",https://empregos.maringa.com/vaga-emprego/403979/auxiliar-de-producao-maringa/maringa/pr
Consultor de Seguros Trainee - Arapongas,Principiu's Rh - Gestão de Pessoas,"18/11/2024
                ",https://empregos.maringa.com/vaga-emprego/403972/consultor-de-seguros-trainee-arapongas/arapongas/pr
Assistente de Produção,Vaga Confidencial,"18/11/2024
                ",https://empregos.maringa.com/vaga-emprego/403971/assistente-de-producao/sarandi/pr
Aux de Cozinha Pizzaria ( Shopping),Principiu's Rh - Gestão de Pessoas,"18/11/2024
                ",https://empregos.maringa.com/vaga-emprego/403967/aux-de-cozinha-pizzaria-shopping/maringa/pr
Auxiliar de Cozinha de Restaurante - Jd Sol Nascente,Principiu's Rh - Gestão de Pessoas,"18/11/2024
                ",https://empregos.maringa.com/vaga-emprego/403966/auxiliar-de-cozinha-de-restaurante-jd-sol-nascente/maringa/pr
Motorista Truck,Real Telhas,"13/11/2024
                ",
Auxiliar de Cozinha - Shopping,Almaza,"12/11/2024
                ",
Auxiliar de Padeiro,Lastro Panificação,"11/11/2024
                ",
Auxiliar de Manutenção Predial (eletricista),Turbo Gestão de Pessoas,"18/11/2024
                ",https://empregos.maringa.com/vaga-emprego/403965/auxiliar-de-manutencao-predial-eletricista/maringa/pr
Operador de Call Center,Amorsaude,"18/11/2024
                ",https://empregos.maringa.com/vaga-emprego/403049/operador-de-call-center/maringa/pr
Açougueiro - Maringá,GCA - Grupo Camilo de Alimentos,"18/11/2024
                ",https://empregos.maringa.com/vaga-emprego/393208/acougueiro-maringa/maringa/pr
Auxiliar de Açougue,GCA - Grupo Camilo de Alimentos,"18/11/2024
                ",https://empregos.maringa.com/vaga-emprego/393211/auxiliar-de-acougue/maringa/pr
Auxiliar Fiscal - Escritório de Contabilidade,Xfort Solucoes em Servicos Administrativos e Comerciais,"18/11/2024
                ",https://empregos.maringa.com/vaga-emprego/349547/auxiliar-fiscal-escritorio-de-contabilidade/maringa/pr
Assistente de Vendas,Fk Componentes Hidraulicos,"18/11/2024
                ",https://empregos.maringa.com/vaga-emprego/267463/assistente-de-vendas/maringa/pr
Estoquista,Skafer Auto Parts,"18/11/2024
                ",https://empregos.maringa.com/vaga-emprego/247209/estoquista/maringa/pr
Televendas Atacado Peças Linha Pesada Caminhões,Principiu's Rh - Gestão de Pessoas,"18/11/2024
                ",https://empregos.maringa.com/vaga-emprego/403959/televendas-atacado-pecas-linha-pesada-caminhoes/maringa/pr
Consultor Vendas Peças Automotivas Linha Leve,Principiu's Rh - Gestão de Pessoas,"18/11/2024
                ",https://empregos.maringa.com/vaga-emprego/403958/consultor-vendas-pecas-automotivas-linha-leve/maringa/pr
Jovem Aprendiz,Vaga Confidencial,"18/11/2024
                ",https://empregos.maringa.com/vaga-emprego/403961/jovem-aprendiz/maringa/pr
Executivo de Vendas - Energia Solar,Principiu's Rh - Gestão de Pessoas,"18/11/2024
                ",https://empregos.maringa.com/vaga-emprego/403964/executivo-de-vendas-energia-solar/maringa/pr
S. D. R. - Sênior (3 Vagas Para Inicio Imediato),Principiu's Rh - Gestão de Pessoas,"18/11/2024
                ",https://empregos.maringa.com/vaga-emprego/403963/s-d-r-senior-3-vagas-para-inicio-imediato/maringa/pr
Auxiliar de E-commerce (loja Online),Dispropil,"13/11/2024
                ",
Vendedor(a),Vaga Confidencial,"13/11/2024
                ",
"Vaga Atendente , Salário + Vá: $ 2.320,00",Gior Gelato Artesanal,"14/11/2024
                ",
Auxiliar Administrativo,Turbo Gestão de Pessoas,"18/11/2024
                ",https://empregos.maringa.com/vaga-emprego/403962/auxiliar-administrativo/maringa/pr
Auxiliar de Cozinha Restaurante Shopping Maringá Park,Principiu's Rh - Gestão de Pessoas,"18/11/2024
                ",https://empregos.maringa.com/vaga-emprego/403957/auxiliar-de-cozinha-restaurante-shopping-maringa-park/maringa/pr
"Repositor de Flv (frutas, Legumes e Verdura) - Maringá",Vaga Confidencial,"18/11/2024
                ",https://empregos.maringa.com/vaga-emprego/378300/repositor-de-flv-frutas-legumes-e-verdura-maringa/maringa/pr
Operador (a) de Caixa - Maringá,GCA - Grupo Camilo de Alimentos,"18/11/2024
                ",https://empregos.maringa.com/vaga-emprego/393212/operador-a-de-caixa-maringa/maringa/pr
Auxiliar de Logística Jr,Ast Consultoria,"18/11/2024
                ",https://empregos.maringa.com/vaga-emprego/393141/auxiliar-de-logistica-jr/maringa/pr
Auxiliar Financeiro,F&F Prestadora de Serviços,"18/11/2024
                ",https://empregos.maringa.com/vaga-emprego/390302/auxiliar-financeiro/maringa/pr
Recepção,Nd Nucleo Diagnóstico,"18/11/2024
                ",https://empregos.maringa.com/vaga-emprego/403955/recepcao/maringa/pr
Aux. Administrativo,Madeireira Casa Rica,"18/11/2024
                ",https://empregos.maringa.com/vaga-emprego/403954/aux-administrativo/mandaguacu/pr
Analista de Logística,Vaga Confidencial,"18/11/2024
                ",https://empregos.maringa.com/vaga-emprego/403952/analista-de-logistica/maringa/pr
Auxiliar de Depósito - Carga de Descarga,Assaí Atacadista,"18/11/2024
                ",https://empregos.maringa.com/vaga-emprego/391506/auxiliar-de-deposito-carga-de-descarga/maringa/pr
Auxiliar de Açougue,Assaí Atacadista,"18/11/2024
                ",https://empregos.maringa.com/vaga-emprego/388634/auxiliar-de-acougue/maringa/pr
Confeiteira (o),GCA - Grupo Camilo de Alimentos,"18/11/2024
                ",https://empregos.maringa.com/vaga-emprego/361855/confeiteira-o/maringa/pr
Repositor de Mercadorias,GCA - Grupo Camilo de Alimentos,"18/11/2024
                ",https://empregos.maringa.com/vaga-emprego/372763/repositor-de-mercadorias/maringa/pr
Farmacêutico(a) - Atuação em Hospital,Vaga Confidencial,"18/11/2024
                ",https://empregos.maringa.com/vaga-emprego/368346/farmaceuticoa-atuacao-em-hospital/maringa/pr
Repositor Diversos Setores,Assaí Atacadista,"18/11/2024
                ",https://empregos.maringa.com/vaga-emprego/365942/repositor-diversos-setores/maringa/pr
Atendente de Restaurante,Restaurante Ana Vitória,"18/11/2024
                ",
Atendente de Lanchonete - Shopping,Burger King ,"11/11/2024
                ",
Caixa Para Restaurante Temático,Burguer Steak,"18/11/2024
                ",
Instrutor de Radiologia,Grau Técnico,"18/11/2024
                ",https://empregos.maringa.com/vaga-emprego/326949/instrutor-de-radiologia/maringa/pr
Maqueiro,Vaga Confidencial,"18/11/2024
                ",https://empregos.maringa.com/vaga-emprego/122791/maqueiro/maringa/pr
Técnico em Enfermagem,Vaga Confidencial,"18/11/2024
                ",https://empregos.maringa.com/vaga-emprego/104021/tecnico-em-enfermagem/maringa/pr
Vendedor (a) de Eletrodomesticos,Ae Eletros,"18/11/2024
                ",https://empregos.maringa.com/vaga-emprego/385909/vendedor-a-de-eletrodomesticos/maringa/pr
Estagiário Administrativo,Flexoprint,"18/11/2024
                ",https://empregos.maringa.com/vaga-emprego/403951/estagiario-administrativo/marialva/pr
Analista Operacional,Turbo Gestão de Pessoas,"18/11/2024
                ",https://empregos.maringa.com/vaga-emprego/403950/analista-operacional/maringa/pr
Vendedor (a) Shopping - Catuaí,Enjoy Consultoria,"18/11/2024
                ",https://empregos.maringa.com/vaga-emprego/403949/vendedor-a-shopping-catuai/maringa/pr
Vendedor (a) Shopping Maringá Park,Enjoy Consultoria,"18/11/2024
                ",https://empregos.maringa.com/vaga-emprego/403945/vendedor-a-shopping-maringa-park/maringa/pr
Operador de Máquinas - Início Imediato,Apolo Indústria Gráfica,"18/11/2024
                ",https://empregos.maringa.com/vaga-emprego/403947/operador-de-maquinas-inicio-imediato/paicandu/pr
Armazenista/estoque,Enjoy Consultoria,"18/11/2024
                ",https://empregos.maringa.com/vaga-emprego/403948/armazenistaestoque/maringa/pr
Auxiliar Depósito - Amigão Guaiapó,Amigão Supermercados,"18/11/2024
                ",https://empregos.maringa.com/vaga-emprego/403946/auxiliar-deposito-amigao-guaiapo/maringa/pr
Consultor(a) de Vendas,Ideal Telecom,"18/11/2024
                ",https://empregos.maringa.com/vaga-emprego/403941/consultora-de-vendas/maringa/pr
Recepção - Clínica Odontológica, Odontologia Tuler,"11/11/2024
                ",
Vendedor(a),Tecnoagropet Planta e Jardim,"12/11/2024
                ",
Vendedor(a) Interno,Lady Linda Cosmeticos,"11/11/2024
                ",
Auxiliar de Cozinha Ou Atendente,Nama Pastifício,"18/11/2024
                ",https://empregos.maringa.com/vaga-emprego/403943/auxiliar-de-cozinha-ou-atendente/maringa/pr
Auxiliar de Padaria - Filial Guaiapó,Amigão Supermercados,"18/11/2024
                ",https://empregos.maringa.com/vaga-emprego/403944/auxiliar-de-padaria-filial-guaiapo/maringa/pr
Repositor de Frios - Amigão Guaiapó,Amigão Supermercados,"18/11/2024
                ",https://empregos.maringa.com/vaga-emprego/403942/repositor-de-frios-amigao-guaiapo/maringa/pr
Consultor de Vendas,Gi Group Holding,"18/11/2024
                ",https://empregos.maringa.com/vaga-emprego/403903/consultor-de-vendas/resende/rj
Comprador(a),Job Soluções,"18/11/2024
                ",https://empregos.maringa.com/vaga-emprego/403940/compradora/maringa/pr
Operador de Máquina,Vaga Confidencial,"18/11/2024
                ",https://empregos.maringa.com/vaga-emprego/318511/operador-de-maquina/maringa/pr
Padeira(o),The Kingdom,"18/11/2024
                ",https://empregos.maringa.com/vaga-emprego/381298/padeirao/maringa/pr
Auxiliar de Cozinha,The Kingdom,"18/11/2024
                ",https://empregos.maringa.com/vaga-emprego/379373/auxiliar-de-cozinha/maringa/pr
Atendente de Suporte Ao Cliente,Fibercom,"18/11/2024
                ",https://empregos.maringa.com/vaga-emprego/403939/atendente-de-suporte-ao-cliente/maringa/pr
Projetista de Máquinas Agrícolas,Trianon RH e Negócios,"18/11/2024
                ",https://empregos.maringa.com/vaga-emprego/403938/projetista-de-maquinas-agricolas/maringa/pr
Projetista de Máquinas Agrícolas,Trianon RH e Negócios,"18/11/2024
                ",https://empregos.maringa.com/vaga-emprego/403937/projetista-de-maquinas-agricolas/maringa/pr
Analista Financeiro,Vaga Confidencial,"18/11/2024
                ",https://empregos.maringa.com/vaga-emprego/403936/analista-financeiro/paicandu/pr
Auxiliar de Produçao,Vaga Confidencial,"11/11/2024
                ",
Mecanico,Petenucci Auto Center,"13/11/2024
                ",
Garçom Restaurante Temático,Burguer Steak,"17/11/2024
                ",
Secretariado Escolar,Prepara Cursos Profissionalizantes  e Idiomas,"18/11/2024
                ",https://empregos.maringa.com/vaga-emprego/403925/secretariado-escolar/maringa/pr
Entregador, Cadeiras &Co.,"18/11/2024
                ",https://empregos.maringa.com/vaga-emprego/372630/entregador/maringa/pr
Auxiliar Ou Pintor,Ostellato Movelaria,"18/11/2024
                ",https://empregos.maringa.com/vaga-emprego/403935/auxiliar-ou-pintor/maringa/pr
Analista de Marketing,Leonfer Atacado,"18/11/2024
                ",https://empregos.maringa.com/vaga-emprego/403934/analista-de-marketing/maringa/pr
Zeladoria para Condominio,Wolf Segurança e Proteção,"18/11/2024
                ",https://empregos.maringa.com/vaga-emprego/403933/zeladoria-para-condominio/maringa/pr
Assistente Financeiro,Vaga Confidencial,"18/11/2024
                ",https://empregos.maringa.com/vaga-emprego/403932/assistente-financeiro/maringa/pr
Auxiliar de Sala - T.i,Prepara Cursos Profissionalizantes  e Idiomas,"18/11/2024
                ",https://empregos.maringa.com/vaga-emprego/403931/auxiliar-de-sala-ti/maringa/pr
Auxiliar de Cozinha,Seto Culinaria Oriental,"18/11/2024
                ",https://empregos.maringa.com/vaga-emprego/403930/auxiliar-de-cozinha/maringa/pr
Vendedor(a) de Cursos,Newtalent,"18/11/2024
                ",https://empregos.maringa.com/vaga-emprego/403921/vendedora-de-cursos/maringa/pr
Motorista Entregador,Indústria Tecnológica de Briquetes,"18/11/2024
                ",https://empregos.maringa.com/vaga-emprego/403908/motorista-entregador/sarandi/pr
Advogado(a),Kemmer Futlik Kwiatkowskyj Sociedade Individual de Advocacia,"18/11/2024
                ",https://empregos.maringa.com/vaga-emprego/368522/advogadoa/maringa/pr
Auxiliar Administrativo,Prepara Cursos Profissionalizantes  e Idiomas,"18/11/2024
                ",https://empregos.maringa.com/vaga-emprego/403929/auxiliar-administrativo/maringa/pr
"Mecânica de Automóvel, Linha Leve",Auto Mecânica Bachega,"18/11/2024
                ",
Auxiliar de Cozinha,Marco's Boutique de Pão,"13/11/2024
                ",
Social Mídia (salário de R$2.200 A R$2.700) Vem Ser A Cara da Nossa Marca!,Vaga Confidencial,"18/11/2024
                ",
Lavador de Peças Automotivas,Turbo Gestão de Pessoas,"18/11/2024
                ",https://empregos.maringa.com/vaga-emprego/403926/lavador-de-pecas-automotivas/maringa/pr
Caseiro P/ Cidade Próxima A Maringá,Enjoy Consultoria,"18/11/2024
                ",https://empregos.maringa.com/vaga-emprego/403924/caseiro-p-cidade-proxima-a-maringa/maringa/pr
Assistente de Logística,Gtfoods Group,"18/11/2024
                ",
Zelador(a) - Amigão Guaiapó,Amigão Supermercados,"18/11/2024
                ",https://empregos.maringa.com/vaga-emprego/403927/zeladora-amigao-guaiapo/maringa/pr
Analista de Marketing - Endomarketing,Gtfoods Group,"18/11/2024
                ",https://empregos.maringa.com/vaga-emprego/403923/analista-de-marketing-endomarketing/maringa/pr
Líder Técnico T. I.,Gtfoods Group,"18/11/2024
                ",https://empregos.maringa.com/vaga-emprego/403922/lider-tecnico-t-i/maringa/pr
Auxiliar de Depósito - Amigão Ney Braga,Amigão Supermercados,"18/11/2024
                ",https://empregos.maringa.com/vaga-emprego/403920/auxiliar-de-deposito-amigao-ney-braga/maringa/pr
Analista de Suprimentos,Vaga Confidencial,"18/11/2024
                ",https://empregos.maringa.com/vaga-emprego/403919/analista-de-suprimentos/maringa/pr
Fiscal de Loja - Ney Braga- Amigão,Amigão Supermercados,"18/11/2024
                ",https://empregos.maringa.com/vaga-emprego/403918/fiscal-de-loja-ney-braga-amigao/maringa/pr
Técnico de Instalação de Equipamentos de Segurança,Vaga Confidencial,"18/11/2024
                ",https://empregos.maringa.com/vaga-emprego/403917/tecnico-de-instalacao-de-equipamentos-de-seguranca/maringa/pr
Operador (a) de Caixa - Amigão Ney Braga,Amigão Supermercados,"18/11/2024
                ",https://empregos.maringa.com/vaga-emprego/403916/operador-a-de-caixa-amigao-ney-braga/maringa/pr
Operador (a) de Caixa - Amigão Ney Braga,Amigão Supermercados,"18/11/2024
                ",https://empregos.maringa.com/vaga-emprego/403915/operador-a-de-caixa-amigao-ney-braga/maringa/pr
Zelador(a) Amigão Ney Braga,Amigão Supermercados,"18/11/2024
                ",https://empregos.maringa.com/vaga-emprego/403914/zeladora-amigao-ney-braga/maringa/pr
Recepção/balconista,Turbo Gestão de Pessoas,"18/11/2024
                ",https://empregos.maringa.com/vaga-emprego/403913/recepcaobalconista/maringa/pr
Professor(a) de Educação Física/para Academia,Enjoy Consultoria,"18/11/2024
                ",https://empregos.maringa.com/vaga-emprego/403911/professora-de-educacao-fisicapara-academia/maringa/pr
Ator Ou Dançarino Para Restaurante Temático,Burguer Steak,"17/11/2024
                ",
Corretor de Imóveis,Maringá Apartamentos,"14/11/2024
                ",
Fisioterapeuta Ortopedia,Laser&co,"18/11/2024
                ",
Vigia,Grupo Ingá,"18/11/2024
                ",https://empregos.maringa.com/vaga-emprego/403910/vigia/maringa/pr
Auxiliar de Limpeza (restaurante),Turbo Gestão de Pessoas,"18/11/2024
                ",https://empregos.maringa.com/vaga-emprego/403912/auxiliar-de-limpeza-restaurante/maringa/pr
Auxiliar de Cozinha,Turbo Gestão de Pessoas,"18/11/2024
                ",https://empregos.maringa.com/vaga-emprego/403909/auxiliar-de-cozinha/maringa/pr
Enfermeiro de Classificação de Risco,Unimed Maringá,"18/11/2024
                ",https://empregos.maringa.com/vaga-emprego/390444/enfermeiro-de-classificacao-de-risco/maringa/pr
Vendedor (a) | Telemarketing,Maringá Prev,"18/11/2024
                ",https://empregos.maringa.com/vaga-emprego/359872/vendedor-a-telemarketing/maringa/pr
Soldador/serralheiro - Comunicação Visual,Desafio Comunicação Visual,"18/11/2024
                ",https://empregos.maringa.com/vaga-emprego/403906/soldadorserralheiro-comunicacao-visual/maringa/pr
Operador de Caixa,Vaga Confidencial,"18/11/2024
                ",https://empregos.maringa.com/vaga-emprego/403907/operador-de-caixa/maringa/pr
Auxiliar Produção - 14h Às 23h,Fa Maringá,"18/11/2024
                ",https://empregos.maringa.com/vaga-emprego/403905/auxiliar-producao-14h-As-23h/maringa/pr
Redator/conteúdista/pesquisador/editor,Resolve Pericias,"18/11/2024
                ",https://empregos.maringa.com/vaga-emprego/403904/redatorconteudistapesquisadoreditor/maringa/pr
Consultor de Vendas - Ramo de Estofados,Trianon RH e Negócios,"18/11/2024
                ",https://empregos.maringa.com/vaga-emprego/403902/consultor-de-vendas-ramo-de-estofados/maringa/pr
Auxiliar Administrativo (conferência) Maringá/pr,Vaga Confidencial,"18/11/2024
                ",https://empregos.maringa.com/vaga-emprego/403901/auxiliar-administrativo-conferencia-maringapr/maringa/pr
Auxiliar de Produção/cozinha,Vaga Confidencial,"18/11/2024
                ",https://empregos.maringa.com/vaga-emprego/403899/auxiliar-de-producaocozinha/maringa/pr
Caixa,B1,"11/11/2024
                ",
Vendedor Interno Para Loja de Maquinas e Ferramentas,Maringá Máquinas e Equipamentos,"11/11/2024
                ",
Vendedor(a) Interno,Via Certa Maringá,"13/11/2024
                ",
Operador de Empilhadeira,Lejon  Auto Serviço,"18/11/2024
                ",https://empregos.maringa.com/vaga-emprego/403900/operador-de-empilhadeira/maringa/pr
Assistente de Marketing,Vaga Confidencial,"18/11/2024
                ",https://empregos.maringa.com/vaga-emprego/382739/assistente-de-marketing/maringa/pr
Costureira(o),Marbo Noivas e Festa,"18/11/2024
                ",https://empregos.maringa.com/vaga-emprego/403898/costureirao/maringa/pr
Motorista Transporte,Grupo Petrópolis,"18/11/2024
                ",https://empregos.maringa.com/vaga-emprego/403897/motorista-transporte/rio-de-janeiro/rj
Repositor de Mercadorias - Mandaguari,GCA - Grupo Camilo de Alimentos,"18/11/2024
                ",https://empregos.maringa.com/vaga-emprego/403896/repositor-de-mercadorias-mandaguari/mandaguari/pr
Auxiliar de Fiscal Caixa - Mandaguari,GCA - Grupo Camilo de Alimentos,"18/11/2024
                ",https://empregos.maringa.com/vaga-emprego/403895/auxiliar-de-fiscal-caixa-mandaguari/mandaguari/pr
Auxiliar de Loja - Para Shopping,Enjoy Consultoria,"18/11/2024
                ",https://empregos.maringa.com/vaga-emprego/403894/auxiliar-de-loja-para-shopping/maringa/pr
Controlador de Acesso,Vaga Confidencial,"18/11/2024
                ",https://empregos.maringa.com/vaga-emprego/289141/controlador-de-acesso/maringa/pr
Controlador de Acesso,Bom Samaritano,"18/11/2024
                ",https://empregos.maringa.com/vaga-emprego/121331/controlador-de-acesso/maringa/pr
Auxiliar de Manutenção,Happy Industria,"18/11/2024
                ",https://empregos.maringa.com/vaga-emprego/403892/auxiliar-de-manutencao/maringa/pr
Pacoteiro - Mandaguari,GCA - Grupo Camilo de Alimentos,"18/11/2024
                ",https://empregos.maringa.com/vaga-emprego/403893/pacoteiro-mandaguari/mandaguari/pr
"Gerente/frentista - Paiçandu R$ 3.822,46",Enjoy Consultoria,"18/11/2024
                ",https://empregos.maringa.com/vaga-emprego/403891/gerentefrentista-paicandu-r-382246/maringa/pr
Vendas,Casa do Maquiador,"18/11/2024
                ",
Mecanico Para Manutençao Motores A Combustao -trabalho Interno,Maringa Maquinas,"11/11/2024
                ",
Grupo Souza Contabilidade: Contrata - Assistente/analista Escrita Fiscal.,Grupo Souza Contabilidade,"12/11/2024
                ",
Atendente de Restaurante,Restaurante Ana Vitória,"18/11/2024
                ",https://empregos.maringa.com/vaga-emprego/403112/atendente-de-restaurante/maringa/pr
Auxiliar de Cozinha,Restaurante Ana Vitória,"18/11/2024
                ",https://empregos.maringa.com/vaga-emprego/403111/auxiliar-de-cozinha/maringa/pr
Engenheiro de Desenvolvimento de Produto,Ingamed,"18/11/2024
                ",https://empregos.maringa.com/vaga-emprego/403889/engenheiro-de-desenvolvimento-de-produto/maringa/pr
Assistente de Suporte Comercial - Vendas,Enjoy Consultoria,"18/11/2024
                ",https://empregos.maringa.com/vaga-emprego/403887/assistente-de-suporte-comercial-vendas/maringa/pr
Auxiliar de Serviços Gerais Industrial,AGGL,"18/11/2024
                ",https://empregos.maringa.com/vaga-emprego/403888/auxiliar-de-servicos-gerais-industrial/maringa/pr
Auxiliar de Depósito Loja Marialva,Amigão Supermercados,"18/11/2024
                ",https://empregos.maringa.com/vaga-emprego/403890/auxiliar-de-deposito-loja-marialva/marialva/pr
Caixa,Grupo Black Bull ,"18/11/2024
                ",https://empregos.maringa.com/vaga-emprego/379992/caixa/maringa/pr
Zelador (a),Eletroluz Materiais Eletricos,"18/11/2024
                ",https://empregos.maringa.com/vaga-emprego/348771/zelador-a/maringa/pr
Auxiliar Contábil - Escritório de Contabilidade,Pnat Servicos Administrativos,"18/11/2024
                ",https://empregos.maringa.com/vaga-emprego/348571/auxiliar-contabil-escritorio-de-contabilidade/maringa/pr
Zeladoria,Grupo Ingá,"18/11/2024
                ",https://empregos.maringa.com/vaga-emprego/403884/zeladoria/maringa/pr
Gestor de Padaria,Clínica de Psicologia & Recrutamento e Seleção,"18/11/2024
                ",https://empregos.maringa.com/vaga-emprego/403886/gestor-de-padaria/maringa/pr
Controlador de Acesso / Cuidador Social,Vaga Confidencial,"18/11/2024
                ",https://empregos.maringa.com/vaga-emprego/367523/controlador-de-acesso-cuidador-social/maringa/pr
Aux Cozinha Noturno - Hamburgueria,Street Burger,"11/11/2024
                ",
Assistente de Marketing,Lady Linda Cosmeticos,"11/11/2024
                ",
Consultor (a) Corporate,Ponto Track,"12/11/2024
                ",
Eletricista,Hospital e Maternidade Maringá,"18/11/2024
                ",https://empregos.maringa.com/vaga-emprego/403869/eletricista/maringa/pr
Marketing e Comercial Para Arquitetura e Interiores,Cecília Philipp Arquitetura e Interiores,"18/11/2024
                ",https://empregos.maringa.com/vaga-emprego/403881/marketing-e-comercial-para-arquitetura-e-interiores/maringa/pr
Freelancer Expedição,Vaga Confidencial,"18/11/2024
                ",https://empregos.maringa.com/vaga-emprego/403885/freelancer-expedicao/maringa/pr
Engenharia de Desenvolvimento de Produto,Enjoy Consultoria,"18/11/2024
                ",https://empregos.maringa.com/vaga-emprego/403883/engenharia-de-desenvolvimento-de-produto/maringa/pr
Assistente de Marketing - Empresa No Segmento de Moda,Enjoy Consultoria,"18/11/2024
                ",https://empregos.maringa.com/vaga-emprego/403882/assistente-de-marketing-empresa-no-segmento-de-moda/maringa/pr
Auxiliar Técnico Externo - Sem Experiência,Enjoy Consultoria,"18/11/2024
                ",https://empregos.maringa.com/vaga-emprego/403878/auxiliar-tecnico-externo-sem-experiencia/maringa/pr
Atendente de Loja - Varejo,Ribane Confecções e Calçados,"18/11/2024
                ",https://empregos.maringa.com/vaga-emprego/403880/atendente-de-loja-varejo/maringa/pr
Atendimento Ao Cliente,Service Tech,"18/11/2024
                ",https://empregos.maringa.com/vaga-emprego/403879/atendimento-ao-cliente/maringa/pr
Vendedor(a) - Loja Especializada em Piscinas,Mateus Vieira Saraiva,"18/11/2024
                ",https://empregos.maringa.com/vaga-emprego/403876/vendedora-loja-especializada-em-piscinas/maringa/pr
Auxiliar de Cozinha (centro de Maringá),Harmonize Consultoria e Desenvolvimento Humano,"18/11/2024
                ",https://empregos.maringa.com/vaga-emprego/403877/auxiliar-de-cozinha-centro-de-maringa/maringa/pr
Empregada Doméstica,Trianon RH e Negócios,"18/11/2024
                ",https://empregos.maringa.com/vaga-emprego/403875/empregada-domestica/maringa/pr
Motorista/entregador Para Materiais de Construção,Deposito Canada,"18/11/2024
                ",https://empregos.maringa.com/vaga-emprego/403872/motoristaentregador-para-materiais-de-construcao/maringa/pr
Legalização de Empresas,Service Tech,"18/11/2024
                ",https://empregos.maringa.com/vaga-emprego/403874/legalizacao-de-empresas/maringa/pr
Assistente de Marketing,Vaga Confidencial,"18/11/2024
                ",https://empregos.maringa.com/vaga-emprego/403873/assistente-de-marketing/sarandi/pr
Auxiliar de Serviços Gerais,Patrimonium Monitoramento 24 horas,"18/11/2024
                ",https://empregos.maringa.com/vaga-emprego/403871/auxiliar-de-servicos-gerais/maringa/pr
Separador de Mercadorias,Atacado Maringa,"14/11/2024
                ",
Serviços Gerais - Limpeza,Marco's Padaria Gourmet,"14/11/2024
                ",
Cozinheiro (a),Divino Fogão,"16/11/2024
                ",
Pedreiro,Vaga Confidencial,"18/11/2024
                ",https://empregos.maringa.com/vaga-emprego/403867/pedreiro/maringa/pr
Lavador Automotivo,Imperio Lava Car,"18/11/2024
                ",https://empregos.maringa.com/vaga-emprego/403870/lavador-automotivo/maringa/pr
Programador(a) de Máquinas,Vaga Confidencial,"18/11/2024
                ",https://empregos.maringa.com/vaga-emprego/403868/programadora-de-maquinas/sarandi/pr
Montador (estofados),Century Industria e Comercio de Estofados,"18/11/2024
                ",https://empregos.maringa.com/vaga-emprego/403866/montador-estofados/sarandi/pr
Oportunidade de Estágio Para Estudantes do Ensino Médio,Gerar Maringá,"18/11/2024
                ",https://empregos.maringa.com/vaga-emprego/403865/oportunidade-de-estagio-para-estudantes-do-ensino-medio/maringa/pr
zelador(a) Amigao Bento Munhoz (segunda A Sábado),Amigão Supermercados,"18/11/2024
                ",https://empregos.maringa.com/vaga-emprego/403864/zeladora-amigao-bento-munhoz-segunda-a-sabado/maringa/pr
Tapeceiro de Estofados,Century Industria e Comercio de Estofados,"18/11/2024
                ",https://empregos.maringa.com/vaga-emprego/403863/tapeceiro-de-estofados/sarandi/pr
++auxiliar de Confeitaria - Amigão Bento Munhoz (segunda A Sábado),Amigão Supermercados,"18/11/2024
                ",https://empregos.maringa.com/vaga-emprego/403862/auxiliar-de-confeitaria-amigao-bento-munhoz-segunda-a-sabado/maringa/pr
Vendedor(a),Loja Moby,"18/11/2024
                ",https://empregos.maringa.com/vaga-emprego/389431/vendedora/marialva/pr
Estágio em escritório de Advocacia /estágio em Direito,Ramos Ribeiro Advocacia,"18/11/2024
                ",https://empregos.maringa.com/vaga-emprego/400333/estagio-em-escritorio-de-advocacia-estagio-em-direito/maringa/pr
Auxiliar de Cozinha -amigão Bento Munhoz (segunda A Sábado),Amigão Supermercados,"18/11/2024
                ",https://empregos.maringa.com/vaga-emprego/403861/auxiliar-de-cozinha-amigao-bento-munhoz-segunda-a-sabado/maringa/pr
Vendedor(a) Projetista,Móveis Alvorada,"18/11/2024
                ",https://empregos.maringa.com/vaga-emprego/403851/vendedora-projetista/maringa/pr
Vendedor.,Central de Compras Pesados,"14/11/2024
                ",
Auxiliar de Lavanderia / Lavador,MM Lavavandeira Insutrial,"13/11/2024
                ",
Auxiliar de Produção - Têmpera de Vidros,Proforte Vidros,"13/11/2024
                ",
Consultor Comercial - (Vendedores),La Educação,"18/11/2024
                ",https://empregos.maringa.com/vaga-emprego/403854/consultor-comercial-vendedores/maringa/pr
Zeladoria - Maringá/pr,Employer Tudo do Rh,"18/11/2024
                ",https://empregos.maringa.com/vaga-emprego/403842/zeladoria-maringapr/maringa/pr
++auxiliar de Padaria - Amigão Bento Munhoz (segunda A Sábado),Amigão Supermercados,"18/11/2024
                ",https://empregos.maringa.com/vaga-emprego/403860/auxiliar-de-padaria-amigao-bento-munhoz-segunda-a-sabado/maringa/pr
Jovem Aprendiz - Indústria,Century Industria e Comercio de Estofados,"18/11/2024
                ",https://empregos.maringa.com/vaga-emprego/403859/jovem-aprendiz-industria/sarandi/pr
++repositor de Mercearia -amigão Bento Munhoz(segunda A Sabado),Amigão Supermercados,"18/11/2024
                ",https://empregos.maringa.com/vaga-emprego/403858/repositor-de-mercearia-amigao-bento-munhozsegunda-a-sabado/maringa/pr
Vendedor (a) - Av Kakogawa,Enjoy Consultoria,"18/11/2024
                ",https://empregos.maringa.com/vaga-emprego/403857/vendedor-a-av-kakogawa/maringa/pr
Vendedor (a) Av Jk,Enjoy Consultoria,"18/11/2024
                ",https://empregos.maringa.com/vaga-emprego/403856/vendedor-a-av-jk/maringa/pr
Auxiliar Comercial,Enjoy Consultoria,"18/11/2024
                ",https://empregos.maringa.com/vaga-emprego/403855/auxiliar-comercial/maringa/pr
Coordenador (a) de Atendimento,Enjoy Consultoria,"18/11/2024
                ",https://empregos.maringa.com/vaga-emprego/403853/coordenador-a-de-atendimento/maringa/pr
Consultor de Vendas  (experiencia no Segmento de Medicina e Segurança do Trabalho ),Ultramed,"18/11/2024
                ",https://empregos.maringa.com/vaga-emprego/350515/consultor-de-vendas-experiencia-no-segmento-de-medicina-e-seguranca-do-trabalho/maringa/pr
Analista de Custos e Compras,Vaga Confidencial,"18/11/2024
                ",https://empregos.maringa.com/vaga-emprego/403847/analista-de-custos-e-compras/maringa/pr
Consultor de Vendas Externas,Harmonize Consultoria e Desenvolvimento Humano,"18/11/2024
                ",https://empregos.maringa.com/vaga-emprego/403849/consultor-de-vendas-externas/maringa/pr
Vaga de Barman Para Bar Petiscaria,Humaitô Bar,"18/11/2024
                ",
Vendedora Shopping,Resende Folheados ,"12/11/2024
                ",
Vendedor(a) Interno,Valdar Móveis ,"18/11/2024
                ",
Gerente de Loja - Shopping Catuai,Enjoy Consultoria,"18/11/2024
                ",https://empregos.maringa.com/vaga-emprego/403852/gerente-de-loja-shopping-catuai/maringa/pr
Auxiliar Administrativo,Bolanho Pneus,"18/11/2024
                ",https://empregos.maringa.com/vaga-emprego/403850/auxiliar-administrativo/maringa/pr
Analista de Recursos Humanos - Recrutamento e Seleção - Palotina/pr,C.Vale,"18/11/2024
                ",https://empregos.maringa.com/vaga-emprego/403848/analista-de-recursos-humanos-recrutamento-e-selecao-palotinapr/palotina/pr
Auxiliar de Consultório Odontológico,Vaga Confidencial,"18/11/2024
                ",https://empregos.maringa.com/vaga-emprego/403845/auxiliar-de-consultorio-odontologico/maringa/pr
Comprador,Lejon  Auto Serviço,"18/11/2024
                ",https://empregos.maringa.com/vaga-emprego/403844/comprador/maringa/pr
Assistente Contábil,Lightsweet | Lowçucar e Magro,"18/11/2024
                ",https://empregos.maringa.com/vaga-emprego/403843/assistente-contabil/marialva/pr
Auxiliar de Rh,Lejon  Auto Serviço,"18/11/2024
                ",https://empregos.maringa.com/vaga-emprego/403841/auxiliar-de-rh/maringa/pr
Recepção/Secretariado,Trianon RH e Negócios,"18/11/2024
                ",https://empregos.maringa.com/vaga-emprego/403834/recepcaosecretariado/maringa/pr
Crediarista em Loja de Calçados e Confecções,Venzel Store,"18/11/2024
                ",https://empregos.maringa.com/vaga-emprego/403846/crediarista-em-loja-de-calcados-e-confeccoes/sarandi/pr
Encarregado,Centro de Tratamento de Residuos ,"18/11/2024
                ",https://empregos.maringa.com/vaga-emprego/403840/encarregado/itambe/pr
Designer Gráfico - Presencial,Lightsweet | Lowçucar e Magro,"18/11/2024
                ",https://empregos.maringa.com/vaga-emprego/403839/designer-grafico-presencial/marialva/pr
Repositor Flv,Supermercado Iguaçú,"18/11/2024
                ",https://empregos.maringa.com/vaga-emprego/403836/repositor-flv/maringa/pr
Estágio em escritório de Advocacia /estágio em Direito,Ramos Ribeiro Advocacia,"18/11/2024
                ",
Atendente de Food Truck,Ice Churros,"11/11/2024
                ",
Vaga Para Analista de Departamento Pessoal,Cafisso Contabilidade,"11/11/2024
                ",
Balconista Padaria,Vaga Confidencial,"18/11/2024
                ",https://empregos.maringa.com/vaga-emprego/403838/balconista-padaria/maringa/pr
Atendente de Restaurante,R2 Intermediações,"18/11/2024
                ",https://empregos.maringa.com/vaga-emprego/403832/atendente-de-restaurante/maringa/pr
Auxiliar de Logistica,Vaga Confidencial,"18/11/2024
                ",https://empregos.maringa.com/vaga-emprego/403837/auxiliar-de-logistica/maringa/pr
Auxiliar Administrativo / Ecommerce,Carga Pesada Lonas,"18/11/2024
                ",https://empregos.maringa.com/vaga-emprego/403827/auxiliar-administrativo-ecommerce/maringa/pr
Armazenista,Evolusom,"18/11/2024
                ",https://empregos.maringa.com/vaga-emprego/403835/armazenista/maringa/pr
Analista de Planejamento e Logística Jr,Grupo Amigão,"18/11/2024
                ",https://empregos.maringa.com/vaga-emprego/403833/analista-de-planejamento-e-logistica-jr/maringa/pr
Executivos de Negócios,Stil Brand Manage,"18/11/2024
                ",https://empregos.maringa.com/vaga-emprego/403831/executivos-de-negocios/maringa/pr
Téc de Enfermagem,Padrão Enfermagem Maringá,"18/11/2024
                ",https://empregos.maringa.com/vaga-emprego/403830/tec-de-enfermagem/maringa/pr
Marceneiro,R2 Intermediações,"18/11/2024
                ",https://empregos.maringa.com/vaga-emprego/403829/marceneiro/sarandi/pr
Operador de Caixa,Supermercado Brilhante,"18/11/2024
                ",https://empregos.maringa.com/vaga-emprego/403828/operador-de-caixa/maringa/pr
Corretor de Imóveis,Construtora Sandri,"18/11/2024
                ",https://empregos.maringa.com/vaga-emprego/353063/corretor-de-imoveis/maringa/pr
Motorista Carreteiro,L.m.i. Transportes,"18/11/2024
                ",https://empregos.maringa.com/vaga-emprego/316086/motorista-carreteiro/maringa/pr
Serviços Gerais Setor Manutenção,Vaga Confidencial,"18/11/2024
                ",https://empregos.maringa.com/vaga-emprego/403826/servicos-gerais-setor-manutencao/maringa/pr
Vigia 8h Diarias - Seg A Sexta,Visão Vip Seg Serviços,"18/11/2024
                ",https://empregos.maringa.com/vaga-emprego/403825/vigia-8h-diarias-seg-a-sexta/maringa/pr
Operador(a) de Caixa,Vaga Confidencial,"18/11/2024
                ",https://empregos.maringa.com/vaga-emprego/403824/operadora-de-caixa/maringa/pr
Balconista - Atendente Horário 14:50 Ás 21:00,Holandesa Padaria,"12/11/2024
                ",
Operador de Máquina - 14h Às 23h,Fa Maringá,"12/11/2024
                ",
Faxina/zeladoria,Maringá Apartamentos,"11/11/2024
                ",
Montador de Móveis planejados,Baruch Woodwork,"18/11/2024
                ",https://empregos.maringa.com/vaga-emprego/403797/montador-de-moveis-planejados/sarandi/pr
Vendedor(a) de Doces - Comissionado,Doces Top,"18/11/2024
                ",https://empregos.maringa.com/vaga-emprego/403790/vendedora-de-doces-comissionado/maringa/pr
Auxiliar de Estoque,Vaga Confidencial,"18/11/2024
                ",https://empregos.maringa.com/vaga-emprego/403823/auxiliar-de-estoque/maringa/pr
Assistente de Atendimento - Noturno,Panvel Farmácias,"18/11/2024
                ",https://empregos.maringa.com/vaga-emprego/403759/assistente-de-atendimento-noturno/maringa/pr
Atendente - Loja de Rua,Vaga Confidencial,"18/11/2024
                ",https://empregos.maringa.com/vaga-emprego/403822/atendente-loja-de-rua/maringa/pr
Suporte Tecnico / Materiais /compras e Licitações,Jr Sistemas Públicos,"18/11/2024
                ",https://empregos.maringa.com/vaga-emprego/403820/suporte-tecnico-materiais-compras-e-licitacoes/ivatuba/pr
Atendente de Estacionamento,Estacenter ,"18/11/2024
                ",https://empregos.maringa.com/vaga-emprego/403758/atendente-de-estacionamento/maringa/pr
Vendedor(a) - Loja de Shopping,Divini,"18/11/2024
                ",https://empregos.maringa.com/vaga-emprego/403764/vendedora-loja-de-shopping/maringa/pr
•	assistente Administrativo,Vaga Confidencial,"18/11/2024
                ",https://empregos.maringa.com/vaga-emprego/403817/assistente-administrativo/maringa/pr
Banhista Para Banho e Tosa,Pet Cão Estética Animal,"18/11/2024
                ",https://empregos.maringa.com/vaga-emprego/403811/banhista-para-banho-e-tosa/maringa/pr
Consultor de Vendas - Call Center Ativo (telecom),Vaga Confidencial,"18/11/2024
                ",https://empregos.maringa.com/vaga-emprego/403814/consultor-de-vendas-call-center-ativo-telecom/maringa/pr
Call Center Ativo - Telecom,Vaga Confidencial,"18/11/2024
                ",https://empregos.maringa.com/vaga-emprego/403813/call-center-ativo-telecom/maringa/pr
Auxiliar de Cozinha - Shopping,Almaza,"12/11/2024
                ",
Caixa,B1,"11/11/2024
                ",
Crediarista em Loja de Calçados e Confecções,Venzel Store,"18/11/2024
                ",
Vendas Internas,Vaga Confidencial,"18/11/2024
                ",https://empregos.maringa.com/vaga-emprego/403812/vendas-internas/maringa/pr
Analista Fiscal Pleno,Grupo Amigão,"18/11/2024
                ",https://empregos.maringa.com/vaga-emprego/403821/analista-fiscal-pleno/maringa/pr
Soldador,Hefer Equipamentos Industriais,"18/11/2024
                ",https://empregos.maringa.com/vaga-emprego/403819/soldador/maringa/pr
Conferente/ Recebedor de Mercadorias,Lejon  Auto Serviço,"18/11/2024
                ",https://empregos.maringa.com/vaga-emprego/403818/conferente-recebedor-de-mercadorias/maringa/pr
Repositor de Mercadorias,Lejon  Auto Serviço,"18/11/2024
                ",https://empregos.maringa.com/vaga-emprego/403816/repositor-de-mercadorias/maringa/pr
Operador de Caixa,Lejon  Auto Serviço,"18/11/2024
                ",https://empregos.maringa.com/vaga-emprego/403815/operador-de-caixa/maringa/pr
Auxiliar de Manutenção,Grupo Amigão,"18/11/2024
                ",https://empregos.maringa.com/vaga-emprego/403810/auxiliar-de-manutencao/maringa/pr
Vaga Para Auxiliar de Instalação de Segurança Eletrônica,Company Tecnologia e Segurança ,"18/11/2024
                ",https://empregos.maringa.com/vaga-emprego/315829/vaga-para-auxiliar-de-instalacao-de-seguranca-eletronica/maringa/pr
Estágio Auxiliar Administrativo,Vaga Confidencial,"18/11/2024
                ",https://empregos.maringa.com/vaga-emprego/403808/estagio-auxiliar-administrativo/maringa/pr
Analista de Relacionamento - Crm,Vaga Confidencial,"18/11/2024
                ",https://empregos.maringa.com/vaga-emprego/403809/analista-de-relacionamento-crm/maringa/pr
Designer Gráfico / Social Media,Verite Revestimentos,"18/11/2024
                ",https://empregos.maringa.com/vaga-emprego/403801/designer-grafico-social-media/maringa/pr
Analista de Pré Vendas | Software,People2u,"18/11/2024
                ",https://empregos.maringa.com/vaga-emprego/403802/analista-de-pre-vendas-software/maringa/pr
Auxiliar de Produção - Têmpera de Vidros,Proforte Vidros,"13/11/2024
                ",
Loja Uza Catuaí Maringá,Vallentina Pires Semijoias,"15/11/2024
                ",
Auxiliar de Cozinha,Marco's Boutique de Pão,"13/11/2024
                ",
Auxiliar de Manutenção,Vaga Confidencial,"18/11/2024
                ",https://empregos.maringa.com/vaga-emprego/403805/auxiliar-de-manutencao/maringa/pr
Atendente de Cobrança,Maringá Central Cobranças,"18/11/2024
                ",https://empregos.maringa.com/vaga-emprego/403807/atendente-de-cobranca/maringa/pr
Zeladoria,Vaga Confidencial,"18/11/2024
                ",https://empregos.maringa.com/vaga-emprego/403806/zeladoria/maringa/pr
Agente de Relacionamento,Nipponflex,"18/11/2024
                ",https://empregos.maringa.com/vaga-emprego/403803/agente-de-relacionamento/maringa/pr
Telemarketing Ativo - Telecom - Inicio em 2025,Vaga Confidencial,"18/11/2024
                ",https://empregos.maringa.com/vaga-emprego/403804/telemarketing-ativo-telecom-inicio-em-2025/maringa/pr
Auxiliar de Depósito,Bom Dia Esperança Loja 01,"18/11/2024
                ",https://empregos.maringa.com/vaga-emprego/403800/auxiliar-de-deposito/sarandi/pr
Serviços Gerais - Limpeza Noturno,Ingá - Pool Escola de Natação e Academia,"18/11/2024
                ",https://empregos.maringa.com/vaga-emprego/403799/servicos-gerais-limpeza-noturno/maringa/pr
Copeiro,Coco Bambu Maringá,"18/11/2024
                ",https://empregos.maringa.com/vaga-emprego/278486/copeiro/maringa/pr
Barmen,Coco Bambu Maringá,"18/11/2024
                ",https://empregos.maringa.com/vaga-emprego/221079/barmen/maringa/pr
Vendedor(a) Interno,Valdar Móveis ,"18/11/2024
                ",https://empregos.maringa.com/vaga-emprego/400811/vendedora-interno/maringa/pr
Auxiliar de Cozinha,Calabria Pizzaria Delivery,"18/11/2024
                ",https://empregos.maringa.com/vaga-emprego/403780/auxiliar-de-cozinha/maringa/pr
Auxiliar de Loja Shopping,Kalunga,"18/11/2024
                ",https://empregos.maringa.com/vaga-emprego/403787/auxiliar-de-loja-shopping/maringa/pr
Consultor (a) Corporate,Ponto Track,"12/11/2024
                ",
Vendedor(a) Interno,Lady Linda Cosmeticos,"11/11/2024
                ",
Atendente de Food Truck,Ice Churros,"11/11/2024
                ",
Caixa Para Restaurante Temático,Burguer Steak,"18/11/2024
                ",https://empregos.maringa.com/vaga-emprego/403775/caixa-para-restaurante-tematico/maringa/pr
Operador Financeiro ( Caixa ),Farmacia São João ,"18/11/2024
                ",https://empregos.maringa.com/vaga-emprego/362945/operador-financeiro-caixa/maringa/pr
Barman Com Ou Sem Experiência,Burguer Steak,"18/11/2024
                ",https://empregos.maringa.com/vaga-emprego/403776/barman-com-ou-sem-experiencia/maringa/pr
Vaga Para Assitente Social/ Escritorio,Dalosso Chopp,"18/11/2024
                ",https://empregos.maringa.com/vaga-emprego/403760/vaga-para-assitente-social-escritorio/maringa/pr
Assistente Administrativo Para Area Comercial,BR,"18/11/2024
                ",https://empregos.maringa.com/vaga-emprego/403798/assistente-administrativo-para-area-comercial/maringa/pr
Auxiliar de Cozinha,Restaurante Simples Assim ,"18/11/2024
                ",https://empregos.maringa.com/vaga-emprego/403792/auxiliar-de-cozinha/maringa/pr
Estamos Contratando Auxiliar de Cozinha Com Experiencia,Restaurante Ambistrô,"18/11/2024
                ",https://empregos.maringa.com/vaga-emprego/403791/estamos-contratando-auxiliar-de-cozinha-com-experiencia/maringa/pr
Vaga Para Barista,Villa Paris Cafeteria,"18/11/2024
                ",https://empregos.maringa.com/vaga-emprego/403763/vaga-para-barista/maringa/pr
Expedição,A Fontana ,"18/11/2024
                ",https://empregos.maringa.com/vaga-emprego/403762/expedicao/maringa/pr
Ajudante  Técnico em  Instalação de Câmeras e Alarmes,Vaga Confidencial,"18/11/2024
                ",https://empregos.maringa.com/vaga-emprego/400764/ajudante-tecnico-em-instalacao-de-cameras-e-alarmes/maringa/pr
Pintor Residencial Para Empreita.,Nmd Serviços de Pintura,"18/11/2024
                ",https://empregos.maringa.com/vaga-emprego/394225/pintor-residencial-para-empreita/maringa/pr
Vaga Para Corretor(a) de Imóveis,7house Imóveis,"18/11/2024
                ",https://empregos.maringa.com/vaga-emprego/252295/vaga-para-corretora-de-imoveis/maringa/pr
Empregada Doméstica - Centro de Maringa,Principiu's Rh - Gestão de Pessoas,"18/11/2024
                ",https://empregos.maringa.com/vaga-emprego/403786/empregada-domestica-centro-de-maringa/maringa/pr
Faxineira - Serviços Gerais Limpeza,Instituto Isis Bruder,"18/11/2024
                ",https://empregos.maringa.com/vaga-emprego/403795/faxineira-servicos-gerais-limpeza/maringa/pr
Auxiliar Administrativo,Instituto Isis Bruder,"18/11/2024
                ",https://empregos.maringa.com/vaga-emprego/403796/auxiliar-administrativo/maringa/pr
